{
    "0": -81.31433333333334,
    "1": -62.76733333333333,
    "2": -51.50233333333333,
    "3": -36.50333333333333,
    "4": -22.713,
    "5": -9.496,
    "6": -0.2936666666666667,
    "7": 3.062333333333333,
    "8": 7.167333333333334,
    "9": 9.463333333333333,
    "10": 18.953,
    "11": 23.611333333333334,
    "12": 27.584333333333333,
    "13": 27.329333333333334,
    "14": 27.953666666666667,
    "15": 29.841333333333335,
    "16": 30.787666666666667,
    "17": 35.095333333333336,
    "18": 42.54533333333333,
    "19": 44.69533333333333,
    "20": 45.46933333333333,
    "21": 50.00566666666667,
    "22": 55.465333333333334,
    "23": 56.72233333333333,
    "24": 57.14233333333333,
    "25": 58.256,
    "26": 58.73133333333333,
    "27": 57.483666666666664,
    "28": 59.39266666666666,
    "29": 61.47533333333333,
    "30": 63.074666666666666,
    "31": 65.814,
    "32": 65.777,
    "33": 68.73433333333334,
    "34": 70.888,
    "35": 73.16066666666667,
    "36": 74.535,
    "37": 77.17466666666667,
    "38": 76.39933333333333,
    "39": 79.642,
    "40": 81.715,
    "41": 82.65866666666666,
    "42": 84.563,
    "43": 85.436,
    "44": 87.09533333333333,
    "45": 88.08066666666667,
    "46": 89.98566666666666,
    "47": 92.31133333333334,
    "48": 95.396,
    "49": 95.83233333333334,
    "50": 95.84066666666666,
    "51": 99.54533333333333,
    "52": 101.45066666666666,
    "53": 102.101,
    "54": 103.63733333333333,
    "55": 104.33366666666667,
    "56": 106.559,
    "57": 106.24766666666666,
    "58": 108.37366666666667,
    "59": 109.87666666666667,
    "60": 110.27266666666667,
    "61": 111.99233333333333,
    "62": 113.00333333333333,
    "63": 112.39733333333334,
    "64": 112.04333333333334,
    "65": 112.332,
    "66": 114.79966666666667,
    "67": 116.361,
    "68": 115.738,
    "69": 116.01833333333333,
    "70": 116.541,
    "71": 119.135,
    "72": 120.57466666666667,
    "73": 122.094,
    "74": 122.52066666666667,
    "75": 125.01066666666667
}