{
    "0": -85.61433333333333,
    "1": -73.11466666666666,
    "2": -59.156333333333336,
    "3": -48.00533333333333,
    "4": -35.025333333333336,
    "5": -25.414,
    "6": -17.608333333333334,
    "7": -7.722333333333333,
    "8": -1.573,
    "9": 8.036333333333333,
    "10": 16.249666666666666,
    "11": 22.028333333333332,
    "12": 27.365666666666666,
    "13": 29.749333333333333,
    "14": 35.531333333333336,
    "15": 37.46666666666667,
    "16": 39.60466666666667,
    "17": 42.47366666666667,
    "18": 43.852,
    "19": 46.814,
    "20": 51.79566666666667,
    "21": 54.832,
    "22": 54.468666666666664,
    "23": 54.03066666666667,
    "24": 56.349333333333334,
    "25": 55.933,
    "26": 58.451,
    "27": 58.111,
    "28": 60.36066666666667,
    "29": 62.694,
    "30": 62.23833333333334,
    "31": 59.89,
    "32": 60.934333333333335,
    "33": 61.086666666666666,
    "34": 65.75266666666667,
    "35": 65.25966666666666,
    "36": 67.46466666666667,
    "37": 69.041,
    "38": 70.39633333333333,
    "39": 73.32033333333334,
    "40": 76.62933333333334,
    "41": 77.73866666666666,
    "42": 78.28866666666667,
    "43": 80.383,
    "44": 82.103,
    "45": 83.60333333333334,
    "46": 86.657,
    "47": 87.436,
    "48": 89.48833333333333,
    "49": 91.02233333333334,
    "50": 93.39266666666667,
    "51": 94.85666666666667,
    "52": 97.97333333333333,
    "53": 100.29533333333333,
    "54": 99.83666666666667,
    "55": 103.222,
    "56": 105.924,
    "57": 107.55666666666667,
    "58": 107.53233333333333,
    "59": 110.346,
    "60": 109.45733333333334,
    "61": 111.96066666666667,
    "62": 114.70266666666667,
    "63": 119.402,
    "64": 121.063,
    "65": 122.779,
    "66": 124.32233333333333,
    "67": 123.74933333333334,
    "68": 125.68233333333333,
    "69": 126.137,
    "70": 127.08666666666667,
    "71": 127.58266666666667,
    "72": 129.319,
    "73": 132.02033333333333,
    "74": 133.92733333333334,
    "75": 135.95433333333332
}