{
    "0": 51.04066666666667,
    "1": 44.483,
    "2": 39.230333333333334,
    "3": 35.556,
    "4": 36.80866666666667,
    "5": 38.187666666666665,
    "6": 42.23433333333333,
    "7": 43.595666666666666,
    "8": 43.32666666666667,
    "9": 43.86566666666667,
    "10": 46.304,
    "11": 48.471666666666664,
    "12": 51.02066666666666,
    "13": 53.32933333333333,
    "14": 54.906666666666666,
    "15": 54.98166666666667,
    "16": 54.85733333333334,
    "17": 57.10333333333333,
    "18": 63.57233333333333,
    "19": 63.55866666666667,
    "20": 64.20533333333333,
    "21": 65.624,
    "22": 67.659,
    "23": 68.78033333333333,
    "24": 67.47066666666667,
    "25": 65.28066666666666,
    "26": 64.31466666666667,
    "27": 64.06466666666667,
    "28": 63.537333333333336,
    "29": 67.18733333333333,
    "30": 70.09333333333333,
    "31": 70.08166666666666,
    "32": 74.09233333333333,
    "33": 74.03533333333333,
    "34": 76.184,
    "35": 75.86333333333333,
    "36": 76.12966666666667,
    "37": 77.48166666666667,
    "38": 81.41133333333333,
    "39": 83.70133333333334,
    "40": 81.871,
    "41": 78.50266666666667,
    "42": 84.972,
    "43": 87.062,
    "44": 86.43166666666667,
    "45": 89.17933333333333,
    "46": 87.556,
    "47": 87.36933333333333,
    "48": 89.437,
    "49": 90.36533333333334,
    "50": 91.334,
    "51": 95.76566666666666,
    "52": 100.46166666666667,
    "53": 102.251,
    "54": 106.965,
    "55": 105.38533333333334,
    "56": 108.43266666666666,
    "57": 111.51766666666667,
    "58": 113.98766666666667,
    "59": 112.67233333333333,
    "60": 116.09733333333334,
    "61": 121.14533333333334,
    "62": 125.56933333333333,
    "63": 127.92233333333333,
    "64": 128.16866666666667,
    "65": 129.651,
    "66": 131.993,
    "67": 134.506,
    "68": 137.43033333333332,
    "69": 139.36833333333334,
    "70": 140.48833333333334,
    "71": 139.08,
    "72": 142.694,
    "73": 143.26333333333332,
    "74": 147.20366666666666,
    "75": 150.01066666666668
}