{
    "0": 51.928333333333335,
    "1": 41.87166666666667,
    "2": 40.59133333333333,
    "3": 39.925666666666665,
    "4": 40.295,
    "5": 42.30866666666667,
    "6": 41.367333333333335,
    "7": 43.67366666666667,
    "8": 46.827333333333335,
    "9": 48.05733333333333,
    "10": 49.207,
    "11": 46.489333333333335,
    "12": 47.66866666666667,
    "13": 51.27633333333333,
    "14": 52.614,
    "15": 51.814,
    "16": 52.04633333333334,
    "17": 52.95666666666666,
    "18": 58.049,
    "19": 61.973,
    "20": 64.23666666666666,
    "21": 62.13033333333333,
    "22": 60.824666666666666,
    "23": 61.328,
    "24": 64.41066666666667,
    "25": 66.409,
    "26": 65.88933333333334,
    "27": 68.18666666666667,
    "28": 66.567,
    "29": 65.163,
    "30": 66.96866666666666,
    "31": 71.313,
    "32": 71.78133333333334,
    "33": 76.80733333333333,
    "34": 76.74933333333334,
    "35": 78.977,
    "36": 76.37166666666667,
    "37": 81.724,
    "38": 83.072,
    "39": 88.42533333333333,
    "40": 90.958,
    "41": 94.73966666666666,
    "42": 98.109,
    "43": 98.33266666666667,
    "44": 97.99966666666667,
    "45": 102.96733333333333,
    "46": 105.945,
    "47": 108.73166666666667,
    "48": 111.88633333333334,
    "49": 114.57133333333333,
    "50": 113.26966666666667,
    "51": 117.73766666666667,
    "52": 118.77466666666666,
    "53": 121.95166666666667,
    "54": 123.65333333333334,
    "55": 127.93733333333333,
    "56": 131.73466666666667,
    "57": 135.276,
    "58": 138.28866666666667,
    "59": 140.81833333333333,
    "60": 142.57033333333334,
    "61": 145.06,
    "62": 145.78133333333332,
    "63": 145.93166666666667,
    "64": 146.23733333333334,
    "65": 148.67566666666667,
    "66": 151.45666666666668,
    "67": 153.42066666666668,
    "68": 156.84833333333333,
    "69": 157.89933333333335,
    "70": 159.17466666666667,
    "71": 159.53066666666666,
    "72": 158.73,
    "73": 159.86966666666666,
    "74": 162.09666666666666,
    "75": 160.639
}