{
    "0": -80.39066666666666,
    "1": -62.943333333333335,
    "2": -55.71333333333333,
    "3": -38.238,
    "4": -23.070666666666668,
    "5": -11.279333333333334,
    "6": -0.5833333333333334,
    "7": 10.161333333333333,
    "8": 20.944666666666667,
    "9": 32.27,
    "10": 39.706,
    "11": 48.596,
    "12": 54.333333333333336,
    "13": 60.51533333333333,
    "14": 67.078,
    "15": 73.99,
    "16": 80.62866666666666,
    "17": 89.65933333333334,
    "18": 99.302,
    "19": 108.18733333333333,
    "20": 111.42066666666666,
    "21": 115.85666666666667,
    "22": 124.43933333333334,
    "23": 129.85066666666665,
    "24": 138.462,
    "25": 142.02733333333333,
    "26": 145.97066666666666,
    "27": 148.458,
    "28": 153.51466666666667,
    "29": 155.19733333333335,
    "30": 159.88,
    "31": 160.746,
    "32": 161.098,
    "33": 161.518,
    "34": 162.89066666666668,
    "35": 162.80533333333332,
    "36": 163.51733333333334,
    "37": 164.46533333333332,
    "38": 165.12333333333333,
    "39": 165.29533333333333,
    "40": 165.486,
    "41": 166.836,
    "42": 166.486,
    "43": 167.11,
    "44": 166.50066666666666,
    "45": 166.59866666666667,
    "46": 166.89533333333333,
    "47": 167.49866666666668,
    "48": 167.19,
    "49": 168.14133333333334,
    "50": 168.756,
    "51": 168.03666666666666,
    "52": 168.39133333333334,
    "53": 169.178,
    "54": 168.75066666666666,
    "55": 169.37066666666666,
    "56": 170.038,
    "57": 171.47133333333332,
    "58": 170.81533333333334,
    "59": 170.75533333333334
}