{
    "0": -82.73066666666666,
    "1": -65.736,
    "2": -49.998,
    "3": -34.94866666666667,
    "4": -23.790666666666667,
    "5": -12.056666666666667,
    "6": 1.2153333333333334,
    "7": 9.962666666666667,
    "8": 18.184,
    "9": 27.835333333333335,
    "10": 34.942,
    "11": 49.94733333333333,
    "12": 65.42266666666667,
    "13": 81.16533333333334,
    "14": 100.128,
    "15": 116.616,
    "16": 130.538,
    "17": 135.39133333333334,
    "18": 139.59733333333332,
    "19": 146.99266666666668,
    "20": 151.62533333333334,
    "21": 156.684,
    "22": 158.82933333333332,
    "23": 161.504,
    "24": 162.02333333333334,
    "25": 162.49,
    "26": 164.982,
    "27": 166.05266666666665,
    "28": 167.11133333333333,
    "29": 167.80933333333334,
    "30": 168.46733333333333,
    "31": 169.60933333333332,
    "32": 170.20533333333333,
    "33": 170.68533333333335,
    "34": 171.46333333333334,
    "35": 172.436,
    "36": 172.03133333333332,
    "37": 173.26533333333333,
    "38": 174.682,
    "39": 174.98,
    "40": 175.49,
    "41": 175.31466666666665,
    "42": 174.92466666666667,
    "43": 175.894,
    "44": 175.93733333333333,
    "45": 175.80133333333333,
    "46": 176.65266666666668,
    "47": 177.224,
    "48": 177.63133333333334,
    "49": 178.15,
    "50": 179.19533333333334,
    "51": 180.07066666666665,
    "52": 180.698,
    "53": 182.13333333333333,
    "54": 181.38133333333334,
    "55": 182.48933333333332,
    "56": 182.86733333333333,
    "57": 183.09933333333333,
    "58": 182.94466666666668,
    "59": 183.108,
    "60": 183.01466666666667,
    "61": 182.93,
    "62": 183.82266666666666,
    "63": 184.79,
    "64": 186.25666666666666,
    "65": 185.79266666666666,
    "66": 185.66533333333334
}