{
    "0": -88.38666666666667,
    "1": -71.61933333333333,
    "2": -54.444,
    "3": -41.19133333333333,
    "4": -24.758,
    "5": -6.860666666666667,
    "6": 2.574,
    "7": 15.605333333333334,
    "8": 26.742,
    "9": 42.233333333333334,
    "10": 57.37,
    "11": 71.44466666666666,
    "12": 84.708,
    "13": 101.11,
    "14": 110.23933333333333,
    "15": 120.924,
    "16": 130.54066666666668,
    "17": 136.518,
    "18": 141.48533333333333,
    "19": 144.78066666666666,
    "20": 148.11,
    "21": 151.80266666666665,
    "22": 154.442,
    "23": 156.06733333333332,
    "24": 158.412,
    "25": 158.566,
    "26": 160.55866666666665,
    "27": 161.97666666666666,
    "28": 163.238,
    "29": 163.48333333333332,
    "30": 165.42333333333335,
    "31": 165.94133333333335,
    "32": 166.63533333333334,
    "33": 166.22266666666667,
    "34": 167.49733333333333,
    "35": 168.19933333333333,
    "36": 168.112,
    "37": 167.37533333333334,
    "38": 168.286,
    "39": 168.34333333333333,
    "40": 169.69266666666667,
    "41": 169.536,
    "42": 169.32866666666666,
    "43": 170.79666666666665,
    "44": 170.97733333333332,
    "45": 171.57733333333334,
    "46": 173.51066666666668,
    "47": 173.97533333333334,
    "48": 174.81933333333333,
    "49": 174.57733333333334,
    "50": 174.25133333333332,
    "51": 175.00066666666666,
    "52": 175.14266666666666,
    "53": 175.63266666666667,
    "54": 175.13266666666667,
    "55": 175.26,
    "56": 175.762,
    "57": 174.85,
    "58": 175.146,
    "59": 174.962,
    "60": 174.95866666666666,
    "61": 174.284,
    "62": 173.92,
    "63": 174.36933333333334,
    "64": 174.71533333333332,
    "65": 174.45333333333335,
    "66": 175.13866666666667,
    "67": 174.462,
    "68": 174.74466666666666,
    "69": 174.78066666666666,
    "70": 174.49,
    "71": 174.734,
    "72": 174.86533333333333,
    "73": 174.60266666666666,
    "74": 174.86866666666666,
    "75": 174.79333333333332
}