{
    "0": -79.69666666666667,
    "1": -60.084,
    "2": -49.574,
    "3": -33.338,
    "4": -25.676666666666666,
    "5": -9.246666666666666,
    "6": 1.7533333333333334,
    "7": 15.152666666666667,
    "8": 31.136,
    "9": 39.028666666666666,
    "10": 48.94133333333333,
    "11": 51.528,
    "12": 69.45866666666667,
    "13": 80.72533333333334,
    "14": 95.91,
    "15": 111.91666666666667,
    "16": 123.35666666666667,
    "17": 137.55,
    "18": 152.52266666666668,
    "19": 163.13133333333334,
    "20": 172.12333333333333,
    "21": 179.56866666666667,
    "22": 183.282,
    "23": 187.12866666666667,
    "24": 190.84733333333332,
    "25": 193.31,
    "26": 194.16466666666668,
    "27": 196.618,
    "28": 199.66066666666666,
    "29": 201.36066666666667,
    "30": 202.22533333333334,
    "31": 203.95066666666668,
    "32": 204.20666666666668,
    "33": 204.71133333333333,
    "34": 205.53133333333332,
    "35": 206.45133333333334,
    "36": 207.55466666666666,
    "37": 207.13333333333333,
    "38": 207.96533333333332,
    "39": 209.58666666666667,
    "40": 208.32266666666666,
    "41": 209.19066666666666,
    "42": 209.046,
    "43": 209.39933333333335,
    "44": 209.23066666666668,
    "45": 208.97333333333333,
    "46": 209.04,
    "47": 209.92066666666668,
    "48": 209.10933333333332,
    "49": 209.272,
    "50": 209.20733333333334,
    "51": 207.78133333333332,
    "52": 207.67733333333334,
    "53": 208.35533333333333,
    "54": 209.282,
    "55": 208.61733333333333,
    "56": 210.36133333333333,
    "57": 210.694,
    "58": 210.22
}