{
    "0": -72.886,
    "1": -56.65266666666667,
    "2": -42.24066666666667,
    "3": -25.71,
    "4": -15.388,
    "5": -6.160666666666667,
    "6": 6.1786666666666665,
    "7": 21.888,
    "8": 32.03666666666667,
    "9": 39.794666666666664,
    "10": 51.48133333333333,
    "11": 59.45066666666666,
    "12": 68.31733333333334,
    "13": 78.38133333333333,
    "14": 88.57533333333333,
    "15": 97.13533333333334,
    "16": 104.166,
    "17": 109.21933333333334,
    "18": 112.54,
    "19": 119.26133333333334,
    "20": 125.13066666666667,
    "21": 130.324,
    "22": 135.95733333333334,
    "23": 138.82133333333334,
    "24": 145.13333333333333,
    "25": 147.87733333333333,
    "26": 153.46733333333333,
    "27": 155.20733333333334,
    "28": 157.00533333333334,
    "29": 160.64466666666667,
    "30": 161.85133333333334,
    "31": 164.36,
    "32": 167.09333333333333,
    "33": 169.332,
    "34": 170.90466666666666,
    "35": 172.25066666666666,
    "36": 171.692,
    "37": 174.18466666666666,
    "38": 176.80333333333334,
    "39": 178.58933333333334,
    "40": 181.43533333333335,
    "41": 183.94,
    "42": 188.74066666666667,
    "43": 191.15133333333333
}