{
    "0": -43.25066666666667,
    "1": 0.8766666666666667,
    "2": 32.925333333333334,
    "3": 53.815333333333335,
    "4": 71.70866666666667,
    "5": 78.42666666666666,
    "6": 84.66733333333333,
    "7": 93.48933333333333,
    "8": 92.29866666666666,
    "9": 100.102,
    "10": 112.45133333333334,
    "11": 108.468,
    "12": 118.74666666666667,
    "13": 127.77066666666667,
    "14": 129.67466666666667,
    "15": 141.33533333333332,
    "16": 137.182,
    "17": 138.56733333333332,
    "18": 131.57466666666667,
    "19": 123.894,
    "20": 121.29866666666666,
    "21": 131.18533333333335,
    "22": 142.666,
    "23": 147.41866666666667,
    "24": 139.646,
    "25": 143.298,
    "26": 140.49333333333334,
    "27": 140.99266666666668,
    "28": 141.52333333333334,
    "29": 132.02266666666668,
    "30": 128.86,
    "31": 129.104,
    "32": 147.558,
    "33": 146.68066666666667,
    "34": 155.452,
    "35": 148.04933333333332,
    "36": 146.402,
    "37": 139.10933333333332,
    "38": 140.40133333333333,
    "39": 152.472,
    "40": 155.05,
    "41": 149.926,
    "42": 148.628
}