{
    "0": -37.38933333333333,
    "1": 7.886666666666667,
    "2": 37.556,
    "3": 54.562666666666665,
    "4": 67.09866666666667,
    "5": 69.63533333333334,
    "6": 83.73,
    "7": 82.28533333333333,
    "8": 94.93466666666667,
    "9": 101.75866666666667,
    "10": 118.83933333333333,
    "11": 114.228,
    "12": 106.964,
    "13": 122.83466666666666,
    "14": 119.14533333333334,
    "15": 107.56733333333334,
    "16": 113.90133333333333,
    "17": 120.59333333333333,
    "18": 125.92066666666666,
    "19": 132.318,
    "20": 135.70266666666666,
    "21": 143.39333333333335,
    "22": 144.35266666666666,
    "23": 141.01933333333332,
    "24": 146.16066666666666,
    "25": 137.172,
    "26": 129.144,
    "27": 135.25,
    "28": 136.33133333333333,
    "29": 140.35466666666667,
    "30": 140.044,
    "31": 138.09133333333332,
    "32": 131.03533333333334,
    "33": 135.64333333333335,
    "34": 139.46333333333334,
    "35": 140.79133333333334,
    "36": 126.69666666666667,
    "37": 120.24866666666667,
    "38": 133.59933333333333,
    "39": 119.396,
    "40": 123.79333333333334,
    "41": 139.412,
    "42": 158.378,
    "43": 152.806,
    "44": 133.84933333333333,
    "45": 141.05733333333333,
    "46": 154.83266666666665,
    "47": 154.876,
    "48": 137.33733333333333,
    "49": 130.13133333333334,
    "50": 140.776,
    "51": 139.51466666666667,
    "52": 142.85933333333332,
    "53": 152.59133333333332,
    "54": 155.84,
    "55": 151.37066666666666,
    "56": 134.61466666666666,
    "57": 142.998,
    "58": 129.79466666666667
}