{
    "0": -41.77333333333333,
    "1": 2.042,
    "2": 33.275333333333336,
    "3": 54.33,
    "4": 69.94066666666667,
    "5": 80.61,
    "6": 84.03133333333334,
    "7": 94.776,
    "8": 93.888,
    "9": 102.168,
    "10": 107.968,
    "11": 110.28666666666666,
    "12": 114.67266666666667,
    "13": 117.16933333333333,
    "14": 132.02733333333333,
    "15": 122.52866666666667,
    "16": 126.08866666666667,
    "17": 119.09266666666667,
    "18": 131.13333333333333,
    "19": 139.668,
    "20": 134.828,
    "21": 115.25933333333333,
    "22": 121.91533333333334,
    "23": 146.98133333333334,
    "24": 142.73333333333332,
    "25": 138.31266666666667,
    "26": 147.37133333333333,
    "27": 145.962,
    "28": 149.60266666666666,
    "29": 150.63533333333334,
    "30": 156.09133333333332,
    "31": 147.72266666666667,
    "32": 140.85266666666666,
    "33": 153.00866666666667,
    "34": 157.99133333333333,
    "35": 167.288,
    "36": 161.116,
    "37": 163.386,
    "38": 156.17066666666668,
    "39": 144.92933333333335,
    "40": 141.78733333333332
}