{
    "0": -42.20933333333333,
    "1": 0.8206666666666667,
    "2": 36.214666666666666,
    "3": 59.938,
    "4": 80.27466666666666,
    "5": 89.41533333333334,
    "6": 94.62866666666666,
    "7": 102.59933333333333,
    "8": 106.62,
    "9": 118.72533333333334,
    "10": 106.412,
    "11": 127.018,
    "12": 123.58333333333333,
    "13": 138.70333333333335,
    "14": 124.66933333333333,
    "15": 132.61866666666666,
    "16": 131.18266666666668,
    "17": 133.22933333333333,
    "18": 127.83733333333333,
    "19": 137.18666666666667,
    "20": 134.24133333333333,
    "21": 132.17466666666667,
    "22": 135.10866666666666,
    "23": 143.58333333333334,
    "24": 155.56,
    "25": 148.246,
    "26": 147.756,
    "27": 140.60066666666665,
    "28": 153.15266666666668,
    "29": 147.76,
    "30": 143.96866666666668,
    "31": 157.71266666666668,
    "32": 164.426,
    "33": 145.58733333333333,
    "34": 151.25733333333332,
    "35": 156.10133333333334,
    "36": 161.532,
    "37": 159.94466666666668,
    "38": 163.79133333333334,
    "39": 165.47866666666667,
    "40": 158.40266666666668,
    "41": 152.52733333333333,
    "42": 147.86466666666666,
    "43": 138.05,
    "44": 138.19,
    "45": 137.01533333333333,
    "46": 139.97533333333334,
    "47": 156.65466666666666,
    "48": 145.46933333333334
}