{
    "0": -124.22566666666667,
    "1": -112.535,
    "2": -101.16933333333333,
    "3": -90.67966666666666,
    "4": -81.823,
    "5": -71.72566666666667,
    "6": -64.21266666666666,
    "7": -58.324666666666666,
    "8": -51.521,
    "9": -46.46933333333333,
    "10": -43.40866666666667,
    "11": -38.89266666666666,
    "12": -33.73266666666667,
    "13": -30.694333333333333,
    "14": -24.403333333333332,
    "15": -19.994666666666667,
    "16": -17.561333333333334,
    "17": -17.391,
    "18": -16.901666666666667,
    "19": -16.029,
    "20": -13.605666666666666,
    "21": -11.742333333333333,
    "22": -10.473666666666666,
    "23": -8.857,
    "24": -7.286666666666667,
    "25": -6.033666666666667,
    "26": -3.8873333333333333,
    "27": -2.1846666666666668,
    "28": -1.6046666666666667,
    "29": -2.2643333333333335,
    "30": -2.574666666666667,
    "31": -1.8686666666666667,
    "32": 1.075,
    "33": 2.2866666666666666,
    "34": 2.361,
    "35": 3.056,
    "36": 2.717,
    "37": 4.618,
    "38": 6.007,
    "39": 5.729,
    "40": 7.419333333333333,
    "41": 8.529333333333334,
    "42": 9.973666666666666,
    "43": 11.384666666666666,
    "44": 10.739,
    "45": 11.474333333333334,
    "46": 12.087333333333333,
    "47": 11.985666666666667,
    "48": 10.891666666666667,
    "49": 11.395666666666667,
    "50": 11.256333333333334,
    "51": 10.910666666666666,
    "52": 13.431666666666667,
    "53": 12.700666666666667,
    "54": 10.982333333333333,
    "55": 10.748333333333333,
    "56": 10.679333333333334,
    "57": 10.995,
    "58": 11.476666666666667,
    "59": 11.129333333333333,
    "60": 11.774,
    "61": 13.088666666666667,
    "62": 13.548666666666668,
    "63": 13.941666666666666,
    "64": 14.185,
    "65": 14.936333333333334,
    "66": 15.456333333333333,
    "67": 15.475,
    "68": 15.626333333333333,
    "69": 16.431333333333335,
    "70": 16.653,
    "71": 17.957333333333334,
    "72": 19.321,
    "73": 20.302,
    "74": 20.225666666666665,
    "75": 20.913333333333334
}