{
    "0": -34.964333333333336,
    "1": -25.814666666666668,
    "2": -17.741333333333333,
    "3": -10.476666666666667,
    "4": -3.287,
    "5": 2.151,
    "6": 9.106,
    "7": 13.254333333333333,
    "8": 14.744666666666667,
    "9": 18.032333333333334,
    "10": 22.529333333333334,
    "11": 26.641,
    "12": 28.927666666666667,
    "13": 32.39633333333333,
    "14": 34.87533333333333,
    "15": 39.34466666666667,
    "16": 42.858333333333334,
    "17": 45.032666666666664,
    "18": 47.41466666666667,
    "19": 50.442,
    "20": 53.164,
    "21": 56.199333333333335,
    "22": 59.245,
    "23": 60.44266666666667,
    "24": 63.358666666666664,
    "25": 64.316,
    "26": 66.02966666666667,
    "27": 68.73666666666666,
    "28": 70.60466666666666,
    "29": 73.97666666666667,
    "30": 75.47366666666667,
    "31": 76.61966666666666,
    "32": 76.67933333333333,
    "33": 78.93866666666666,
    "34": 81.91166666666666,
    "35": 84.09233333333333,
    "36": 86.47,
    "37": 88.487,
    "38": 90.618,
    "39": 92.283,
    "40": 93.93766666666667,
    "41": 92.71333333333334,
    "42": 93.62866666666666,
    "43": 95.05933333333333,
    "44": 95.494,
    "45": 97.56333333333333,
    "46": 96.824,
    "47": 98.66433333333333,
    "48": 101.58333333333333,
    "49": 102.94766666666666,
    "50": 104.884,
    "51": 106.03466666666667,
    "52": 107.36566666666667,
    "53": 108.358,
    "54": 109.19233333333334,
    "55": 110.915,
    "56": 111.79066666666667,
    "57": 111.79266666666666,
    "58": 112.29266666666666,
    "59": 113.56966666666666,
    "60": 113.68633333333334,
    "61": 112.72233333333334,
    "62": 113.18066666666667,
    "63": 113.50433333333334,
    "64": 114.359,
    "65": 113.21666666666667,
    "66": 113.98366666666666,
    "67": 113.569,
    "68": 113.80533333333334,
    "69": 114.89,
    "70": 113.884,
    "71": 113.82533333333333,
    "72": 114.07933333333334,
    "73": 114.00366666666666,
    "74": 113.629,
    "75": 114.89633333333333
}