{
    "0": -219.434,
    "1": -193.516,
    "2": -172.518,
    "3": -155.041,
    "4": -143.69966666666667,
    "5": -131.27433333333335,
    "6": -119.03033333333333,
    "7": -105.761,
    "8": -96.96333333333334,
    "9": -86.48833333333333,
    "10": -79.13866666666667,
    "11": -68.51533333333333,
    "12": -59.534,
    "13": -53.95033333333333,
    "14": -49.43,
    "15": -42.95933333333333,
    "16": -38.704,
    "17": -35.534666666666666,
    "18": -29.80366666666667,
    "19": -25.182333333333332,
    "20": -23.392333333333333,
    "21": -19.843666666666667,
    "22": -18.394333333333332,
    "23": -17.899,
    "24": -16.045666666666666,
    "25": -11.465,
    "26": -10.629666666666667,
    "27": -9.238333333333333,
    "28": -6.3886666666666665,
    "29": -5.300666666666666,
    "30": -4.918666666666667,
    "31": -4.535,
    "32": -3.96,
    "33": -0.20766666666666667,
    "34": 1.6873333333333334,
    "35": 0.9346666666666666,
    "36": 1.667,
    "37": 2.934,
    "38": 2.997333333333333,
    "39": 4.0023333333333335,
    "40": 5.943,
    "41": 6.187,
    "42": 6.533333333333333,
    "43": 4.793,
    "44": 4.683666666666666,
    "45": 6.613,
    "46": 7.729666666666667,
    "47": 8.574,
    "48": 7.336666666666667,
    "49": 6.860333333333333,
    "50": 7.388333333333334,
    "51": 6.725666666666666,
    "52": 8.238333333333333,
    "53": 8.994,
    "54": 8.604666666666667,
    "55": 6.7026666666666666,
    "56": 6.79,
    "57": 6.53,
    "58": 7.902,
    "59": 7.110333333333333,
    "60": 7.176333333333333,
    "61": 5.699333333333334,
    "62": 4.898,
    "63": 6.548,
    "64": 5.167,
    "65": 2.513,
    "66": 3.111,
    "67": 2.832333333333333,
    "68": 3.4843333333333333,
    "69": 6.12,
    "70": 5.436,
    "71": 6.2476666666666665,
    "72": 7.316333333333334,
    "73": 8.475333333333333,
    "74": 8.284333333333333,
    "75": 10.107666666666667
}