{
    "0": -216.23766666666666,
    "1": -190.34666666666666,
    "2": -169.595,
    "3": -155.255,
    "4": -137.10166666666666,
    "5": -119.662,
    "6": -106.60833333333333,
    "7": -93.902,
    "8": -83.59733333333334,
    "9": -72.823,
    "10": -63.27,
    "11": -55.219,
    "12": -48.63366666666667,
    "13": -43.42066666666667,
    "14": -37.867333333333335,
    "15": -34.657333333333334,
    "16": -29.785666666666668,
    "17": -25.802666666666667,
    "18": -23.756333333333334,
    "19": -21.55366666666667,
    "20": -18.413666666666668,
    "21": -17.204333333333334,
    "22": -15.824333333333334,
    "23": -15.168,
    "24": -11.463333333333333,
    "25": -9.491666666666667,
    "26": -5.550666666666666,
    "27": -4.149666666666667,
    "28": -3.7443333333333335,
    "29": -2.0353333333333334,
    "30": -1.524,
    "31": -1.481,
    "32": -0.9043333333333333,
    "33": 1.9006666666666667,
    "34": 2.196,
    "35": 3.2133333333333334,
    "36": 4.026666666666666,
    "37": 4.042,
    "38": 6.052333333333333,
    "39": 5.232,
    "40": 6.498,
    "41": 6.236,
    "42": 7.047,
    "43": 8.489,
    "44": 7.226333333333334,
    "45": 6.724333333333333,
    "46": 5.973,
    "47": 8.089333333333334,
    "48": 6.673333333333333,
    "49": 7.706666666666667,
    "50": 8.185,
    "51": 8.119666666666667,
    "52": 10.457666666666666,
    "53": 12.296666666666667,
    "54": 12.612666666666666,
    "55": 10.548666666666668,
    "56": 11.957333333333333,
    "57": 14.503,
    "58": 17.412,
    "59": 17.85333333333333,
    "60": 18.636,
    "61": 18.516333333333332,
    "62": 18.259666666666668,
    "63": 17.523333333333333,
    "64": 17.440333333333335,
    "65": 17.33,
    "66": 18.225666666666665,
    "67": 19.731666666666666,
    "68": 19.858666666666668,
    "69": 18.902333333333335,
    "70": 21.874,
    "71": 22.44633333333333,
    "72": 21.248333333333335,
    "73": 21.625666666666667,
    "74": 21.097333333333335,
    "75": 21.558
}