{
    "0": -7.556666666666667,
    "1": -0.927,
    "2": 7.2443333333333335,
    "3": 12.023333333333333,
    "4": 15.968333333333334,
    "5": 21.889,
    "6": 25.89966666666667,
    "7": 26.347333333333335,
    "8": 27.511666666666667,
    "9": 27.89966666666667,
    "10": 30.499333333333333,
    "11": 34.73166666666667,
    "12": 35.22966666666667,
    "13": 35.653666666666666,
    "14": 37.697,
    "15": 39.071666666666665,
    "16": 37.269333333333336,
    "17": 37.635,
    "18": 38.20033333333333,
    "19": 39.343333333333334,
    "20": 40.885,
    "21": 41.60933333333333,
    "22": 44.04333333333334,
    "23": 44.34766666666667,
    "24": 45.21933333333333,
    "25": 45.745333333333335,
    "26": 46.22266666666667,
    "27": 47.029,
    "28": 47.47266666666667,
    "29": 47.74666666666667,
    "30": 48.873,
    "31": 49.716,
    "32": 51.681333333333335,
    "33": 52.25033333333333,
    "34": 53.175666666666665,
    "35": 53.489333333333335,
    "36": 53.867666666666665,
    "37": 55.98866666666667,
    "38": 55.527,
    "39": 58.032,
    "40": 60.10766666666667,
    "41": 59.712,
    "42": 60.943,
    "43": 62.11866666666667,
    "44": 63.054,
    "45": 64.30266666666667,
    "46": 65.87066666666666,
    "47": 68.895,
    "48": 70.653,
    "49": 71.425,
    "50": 73.69566666666667,
    "51": 74.69766666666666,
    "52": 74.92566666666667,
    "53": 75.64833333333333,
    "54": 77.228,
    "55": 80.99366666666667,
    "56": 84.081,
    "57": 85.45033333333333,
    "58": 85.33566666666667,
    "59": 86.52466666666666,
    "60": 88.10533333333333,
    "61": 87.265,
    "62": 88.56533333333333,
    "63": 89.63933333333334,
    "64": 91.71533333333333,
    "65": 94.88433333333333,
    "66": 96.36633333333333,
    "67": 98.19933333333333,
    "68": 100.05766666666666,
    "69": 102.578,
    "70": 103.082,
    "71": 104.863,
    "72": 105.89433333333334,
    "73": 106.318,
    "74": 106.66566666666667,
    "75": 107.549
}