{
    "0": -220.95333333333335,
    "1": -205.92933333333335,
    "2": -186.076,
    "3": -170.97133333333332,
    "4": -157.985,
    "5": -143.927,
    "6": -130.321,
    "7": -111.14033333333333,
    "8": -99.71133333333333,
    "9": -91.416,
    "10": -80.54466666666667,
    "11": -70.86066666666666,
    "12": -65.43066666666667,
    "13": -60.294666666666664,
    "14": -52.312666666666665,
    "15": -47.126666666666665,
    "16": -41.714666666666666,
    "17": -38.39366666666667,
    "18": -32.747,
    "19": -30.301,
    "20": -24.740333333333332,
    "21": -21.22833333333333,
    "22": -18.324666666666666,
    "23": -16.191666666666666,
    "24": -13.464,
    "25": -10.526666666666667,
    "26": -10.366666666666667,
    "27": -7.633666666666667,
    "28": -4.818,
    "29": -1.6163333333333334,
    "30": -0.7113333333333334,
    "31": 0.16666666666666666,
    "32": 1.9763333333333333,
    "33": 1.9996666666666667,
    "34": 3.8293333333333335,
    "35": 4.187666666666667,
    "36": 5.644333333333333,
    "37": 4.83,
    "38": 4.233666666666666,
    "39": 6.129333333333333,
    "40": 5.963666666666667,
    "41": 6.095,
    "42": 7.273333333333333,
    "43": 8.808666666666667,
    "44": 8.439333333333334,
    "45": 8.693666666666667,
    "46": 9.905,
    "47": 10.676333333333334,
    "48": 10.664,
    "49": 11.470333333333333,
    "50": 14.150333333333334,
    "51": 15.207333333333333,
    "52": 16.772,
    "53": 16.845333333333333,
    "54": 16.80366666666667,
    "55": 16.993333333333332,
    "56": 18.974333333333334,
    "57": 17.573666666666668,
    "58": 16.017666666666667,
    "59": 20.357,
    "60": 19.858666666666668,
    "61": 20.900666666666666,
    "62": 22.234,
    "63": 22.185666666666666,
    "64": 23.565666666666665,
    "65": 24.206333333333333,
    "66": 25.381333333333334,
    "67": 26.496333333333332,
    "68": 28.168,
    "69": 29.901333333333334,
    "70": 28.699666666666666,
    "71": 29.024,
    "72": 29.153,
    "73": 30.774,
    "74": 29.780666666666665,
    "75": 28.468333333333334
}