{
    "0": -86.46866666666666,
    "1": -70.232,
    "2": -55.220333333333336,
    "3": -42.83733333333333,
    "4": -32.19733333333333,
    "5": -24.494333333333334,
    "6": -13.450333333333333,
    "7": -8.413666666666666,
    "8": 1.9703333333333333,
    "9": 8.220666666666666,
    "10": 11.907333333333334,
    "11": 16.245333333333335,
    "12": 19.893666666666668,
    "13": 23.363666666666667,
    "14": 25.819333333333333,
    "15": 29.807333333333332,
    "16": 30.899333333333335,
    "17": 30.764666666666667,
    "18": 30.628,
    "19": 33.14966666666667,
    "20": 35.18866666666667,
    "21": 39.101333333333336,
    "22": 41.075,
    "23": 42.966,
    "24": 43.321,
    "25": 43.981,
    "26": 43.14333333333333,
    "27": 46.847,
    "28": 48.221333333333334,
    "29": 48.221333333333334,
    "30": 51.79633333333334,
    "31": 51.284,
    "32": 50.73533333333334,
    "33": 54.69533333333333,
    "34": 54.715666666666664,
    "35": 57.855666666666664,
    "36": 57.78933333333333,
    "37": 56.757666666666665,
    "38": 60.29366666666667,
    "39": 59.842666666666666,
    "40": 62.89566666666666,
    "41": 63.95433333333333,
    "42": 63.224666666666664,
    "43": 64.96733333333333,
    "44": 64.54,
    "45": 66.80933333333333,
    "46": 69.16566666666667,
    "47": 70.95166666666667,
    "48": 71.351,
    "49": 73.75033333333333,
    "50": 73.678,
    "51": 72.267,
    "52": 70.523,
    "53": 70.027,
    "54": 71.853,
    "55": 75.13866666666667,
    "56": 76.141,
    "57": 80.40433333333333,
    "58": 83.38966666666667,
    "59": 83.268,
    "60": 85.91933333333333,
    "61": 88.60166666666667,
    "62": 90.33,
    "63": 89.779,
    "64": 92.71233333333333,
    "65": 95.036,
    "66": 96.04366666666667,
    "67": 95.55866666666667,
    "68": 96.42066666666666,
    "69": 98.54166666666667,
    "70": 101.21033333333334,
    "71": 102.072,
    "72": 104.902,
    "73": 107.12133333333334,
    "74": 107.535,
    "75": 107.92333333333333
}