{
    "0": -83.82866666666666,
    "1": -65.99133333333333,
    "2": -52.03,
    "3": -38.58433333333333,
    "4": -28.708666666666666,
    "5": -17.797333333333334,
    "6": -8.324,
    "7": -0.5123333333333333,
    "8": 5.471666666666667,
    "9": 11.213333333333333,
    "10": 13.763,
    "11": 15.222,
    "12": 18.534333333333333,
    "13": 22.030333333333335,
    "14": 25.124,
    "15": 24.525666666666666,
    "16": 26.046666666666667,
    "17": 28.508,
    "18": 29.672,
    "19": 34.553,
    "20": 41.56133333333333,
    "21": 43.74966666666667,
    "22": 47.47533333333333,
    "23": 49.316,
    "24": 51.150333333333336,
    "25": 53.17033333333333,
    "26": 53.986333333333334,
    "27": 52.493,
    "28": 57.712,
    "29": 60.053333333333335,
    "30": 59.96233333333333,
    "31": 65.0,
    "32": 67.71533333333333,
    "33": 71.88666666666667,
    "34": 72.79166666666667,
    "35": 76.68333333333334,
    "36": 77.16666666666667,
    "37": 78.024,
    "38": 78.57033333333334,
    "39": 82.846,
    "40": 85.19,
    "41": 86.23933333333333,
    "42": 86.69,
    "43": 92.49566666666666,
    "44": 94.229,
    "45": 94.937,
    "46": 98.33933333333333,
    "47": 99.88766666666666,
    "48": 101.368,
    "49": 102.87,
    "50": 103.66666666666667,
    "51": 105.06433333333334,
    "52": 106.742,
    "53": 109.16566666666667,
    "54": 112.315,
    "55": 114.93933333333334,
    "56": 116.68266666666666,
    "57": 119.599,
    "58": 121.31433333333334,
    "59": 121.89066666666666,
    "60": 121.999,
    "61": 122.506,
    "62": 126.27066666666667,
    "63": 130.12433333333334,
    "64": 129.806,
    "65": 129.01533333333333,
    "66": 130.14933333333335,
    "67": 132.28666666666666,
    "68": 138.13833333333332,
    "69": 139.33566666666667,
    "70": 142.771,
    "71": 144.75033333333334,
    "72": 145.48433333333332,
    "73": 146.15933333333334,
    "74": 148.12033333333332,
    "75": 148.19366666666667
}