{
    "0": -125.54666666666667,
    "1": -112.19866666666667,
    "2": -98.21466666666667,
    "3": -87.06433333333334,
    "4": -76.84966666666666,
    "5": -67.84,
    "6": -58.42733333333333,
    "7": -52.561,
    "8": -48.82333333333333,
    "9": -43.48266666666667,
    "10": -36.153333333333336,
    "11": -30.974,
    "12": -26.285333333333334,
    "13": -21.663,
    "14": -18.727333333333334,
    "15": -15.776,
    "16": -14.282,
    "17": -12.686,
    "18": -11.540333333333333,
    "19": -10.257666666666667,
    "20": -8.144666666666666,
    "21": -6.050333333333334,
    "22": -3.6466666666666665,
    "23": -2.104,
    "24": -0.15833333333333333,
    "25": 1.2836666666666667,
    "26": 2.7143333333333333,
    "27": 3.804333333333333,
    "28": 5.019666666666667,
    "29": 5.464,
    "30": 7.417333333333334,
    "31": 9.530666666666667,
    "32": 10.338333333333333,
    "33": 10.875666666666667,
    "34": 10.739,
    "35": 12.245333333333333,
    "36": 12.267666666666667,
    "37": 13.905666666666667,
    "38": 15.544,
    "39": 15.738666666666667,
    "40": 16.489,
    "41": 17.309666666666665,
    "42": 17.990666666666666,
    "43": 20.525666666666666,
    "44": 21.053,
    "45": 22.345666666666666,
    "46": 23.459,
    "47": 24.14666666666667,
    "48": 24.838666666666665,
    "49": 26.361333333333334,
    "50": 25.751666666666665,
    "51": 26.568666666666665,
    "52": 26.830666666666666,
    "53": 26.228,
    "54": 27.623,
    "55": 29.205333333333332,
    "56": 29.088333333333335,
    "57": 29.995666666666665,
    "58": 29.875666666666667,
    "59": 29.804,
    "60": 30.954333333333334,
    "61": 33.06933333333333,
    "62": 32.574,
    "63": 33.44166666666667,
    "64": 33.99933333333333,
    "65": 33.79666666666667,
    "66": 32.761,
    "67": 32.656666666666666,
    "68": 33.753,
    "69": 34.66766666666667,
    "70": 35.76433333333333,
    "71": 35.96,
    "72": 36.289,
    "73": 36.611666666666665,
    "74": 37.202333333333335,
    "75": 37.176
}