{
    "0": -84.87666666666667,
    "1": -72.954,
    "2": -53.657666666666664,
    "3": -40.361666666666665,
    "4": -25.742333333333335,
    "5": -15.428333333333333,
    "6": -5.792,
    "7": 3.3586666666666667,
    "8": 9.629666666666667,
    "9": 12.633,
    "10": 18.107333333333333,
    "11": 25.344666666666665,
    "12": 30.260666666666665,
    "13": 37.182,
    "14": 41.542,
    "15": 46.257,
    "16": 51.131,
    "17": 53.907666666666664,
    "18": 58.97533333333333,
    "19": 65.03766666666667,
    "20": 70.112,
    "21": 75.76733333333334,
    "22": 78.696,
    "23": 81.88333333333334,
    "24": 88.29466666666667,
    "25": 92.88066666666667,
    "26": 97.87566666666666,
    "27": 103.89366666666666,
    "28": 107.87633333333333,
    "29": 115.90966666666667,
    "30": 121.444,
    "31": 124.54033333333334,
    "32": 127.32166666666667,
    "33": 130.89066666666668,
    "34": 132.72633333333334,
    "35": 139.09633333333332,
    "36": 145.33233333333334,
    "37": 149.88066666666666,
    "38": 152.42866666666666,
    "39": 155.284,
    "40": 159.126,
    "41": 159.92166666666665,
    "42": 161.29433333333333,
    "43": 164.81233333333333,
    "44": 168.39533333333333,
    "45": 169.94433333333333,
    "46": 171.19633333333334,
    "47": 172.474,
    "48": 174.13033333333334,
    "49": 175.64866666666666,
    "50": 177.25966666666667,
    "51": 180.439,
    "52": 182.183,
    "53": 183.37966666666668,
    "54": 184.32,
    "55": 184.75266666666667,
    "56": 186.21866666666668,
    "57": 186.96533333333332,
    "58": 188.62933333333334,
    "59": 188.79166666666666,
    "60": 190.541,
    "61": 190.36733333333333,
    "62": 191.696,
    "63": 193.496,
    "64": 192.121,
    "65": 192.098,
    "66": 192.535,
    "67": 191.89666666666668,
    "68": 192.649,
    "69": 191.584,
    "70": 192.18233333333333,
    "71": 192.814,
    "72": 193.02633333333333,
    "73": 193.65033333333332,
    "74": 191.86266666666666,
    "75": 191.62133333333333
}