{
    "0": -53.449333333333335,
    "1": -40.333,
    "2": -28.316666666666666,
    "3": -15.926,
    "4": -8.916,
    "5": -0.9903333333333333,
    "6": 6.201666666666667,
    "7": 10.230666666666666,
    "8": 13.378666666666666,
    "9": 18.266333333333332,
    "10": 24.841666666666665,
    "11": 25.340666666666667,
    "12": 30.615,
    "13": 34.28666666666667,
    "14": 36.45066666666666,
    "15": 38.791,
    "16": 41.75533333333333,
    "17": 42.589,
    "18": 45.72866666666667,
    "19": 47.24033333333333,
    "20": 49.172333333333334,
    "21": 50.495666666666665,
    "22": 53.55566666666667,
    "23": 57.03033333333333,
    "24": 57.04833333333333,
    "25": 54.981,
    "26": 56.657666666666664,
    "27": 56.841,
    "28": 56.56933333333333,
    "29": 56.845666666666666,
    "30": 58.14833333333333,
    "31": 58.513666666666666,
    "32": 58.523666666666664,
    "33": 59.611,
    "34": 61.933,
    "35": 62.065666666666665,
    "36": 64.472,
    "37": 65.74433333333333,
    "38": 66.737,
    "39": 69.89333333333333,
    "40": 70.13766666666666,
    "41": 73.627,
    "42": 76.07,
    "43": 81.61033333333333,
    "44": 84.337,
    "45": 86.143,
    "46": 87.854,
    "47": 88.817,
    "48": 89.92666666666666,
    "49": 94.23366666666666,
    "50": 95.49366666666667,
    "51": 96.84733333333334,
    "52": 96.639,
    "53": 98.695,
    "54": 102.80233333333334,
    "55": 105.06933333333333,
    "56": 107.786,
    "57": 108.26033333333334,
    "58": 108.35966666666667,
    "59": 110.081,
    "60": 108.94433333333333,
    "61": 108.72,
    "62": 110.79266666666666,
    "63": 113.02066666666667,
    "64": 114.41766666666666,
    "65": 115.626,
    "66": 119.41866666666667,
    "67": 118.24566666666666,
    "68": 118.614,
    "69": 119.88633333333334,
    "70": 120.806,
    "71": 121.83833333333334,
    "72": 124.187,
    "73": 128.18933333333334,
    "74": 130.80466666666666,
    "75": 129.22533333333334
}