{
    "0": -35.47,
    "1": -26.718333333333334,
    "2": -19.650666666666666,
    "3": -12.487333333333334,
    "4": -6.017666666666667,
    "5": 0.299,
    "6": 5.241333333333333,
    "7": 10.249333333333333,
    "8": 14.508,
    "9": 18.476666666666667,
    "10": 21.819,
    "11": 25.187,
    "12": 26.64,
    "13": 28.572333333333333,
    "14": 32.429,
    "15": 34.769333333333336,
    "16": 38.208666666666666,
    "17": 40.57333333333333,
    "18": 41.482,
    "19": 43.821666666666665,
    "20": 48.373333333333335,
    "21": 49.69866666666667,
    "22": 52.47833333333333,
    "23": 57.43533333333333,
    "24": 58.12566666666667,
    "25": 59.651666666666664,
    "26": 61.73233333333334,
    "27": 65.22766666666666,
    "28": 68.72366666666667,
    "29": 70.906,
    "30": 72.51633333333334,
    "31": 73.75266666666667,
    "32": 77.79933333333334,
    "33": 81.83566666666667,
    "34": 84.11,
    "35": 85.097,
    "36": 86.31633333333333,
    "37": 88.883,
    "38": 90.01333333333334,
    "39": 93.24133333333333,
    "40": 97.38833333333334,
    "41": 99.14066666666666,
    "42": 101.89766666666667,
    "43": 103.10366666666667,
    "44": 106.36133333333333,
    "45": 108.611,
    "46": 110.31566666666667,
    "47": 111.50466666666667,
    "48": 112.5,
    "49": 114.46266666666666,
    "50": 115.99633333333334,
    "51": 116.85033333333334,
    "52": 118.08566666666667,
    "53": 119.583,
    "54": 120.69166666666666,
    "55": 120.653,
    "56": 121.07933333333334,
    "57": 121.33,
    "58": 121.47866666666667,
    "59": 122.29766666666667,
    "60": 123.90433333333333,
    "61": 124.99066666666667,
    "62": 125.99866666666667,
    "63": 127.16733333333333,
    "64": 128.35966666666667,
    "65": 129.29566666666668,
    "66": 129.63766666666666,
    "67": 130.26666666666668,
    "68": 130.546,
    "69": 131.628,
    "70": 131.883,
    "71": 132.25533333333334,
    "72": 132.221,
    "73": 132.47666666666666,
    "74": 133.39833333333334,
    "75": 134.50666666666666
}