{
    "0": -8.596666666666666,
    "1": -2.4993333333333334,
    "2": 4.94,
    "3": 10.237666666666666,
    "4": 15.485666666666667,
    "5": 18.74,
    "6": 22.937666666666665,
    "7": 25.567,
    "8": 25.516,
    "9": 26.961666666666666,
    "10": 28.142333333333333,
    "11": 28.976333333333333,
    "12": 33.092333333333336,
    "13": 35.07833333333333,
    "14": 34.828,
    "15": 36.763666666666666,
    "16": 39.55733333333333,
    "17": 42.62266666666667,
    "18": 43.75933333333333,
    "19": 42.608333333333334,
    "20": 46.379333333333335,
    "21": 46.440333333333335,
    "22": 47.45733333333333,
    "23": 51.23833333333334,
    "24": 52.66733333333333,
    "25": 54.381,
    "26": 55.358666666666664,
    "27": 56.365,
    "28": 57.35966666666667,
    "29": 58.786,
    "30": 59.981,
    "31": 60.52,
    "32": 63.67166666666667,
    "33": 66.835,
    "34": 68.64366666666666,
    "35": 69.93366666666667,
    "36": 69.96166666666667,
    "37": 71.101,
    "38": 71.91666666666667,
    "39": 73.61366666666666,
    "40": 77.80633333333333,
    "41": 82.69566666666667,
    "42": 83.99666666666667,
    "43": 86.43166666666667,
    "44": 88.501,
    "45": 90.39566666666667,
    "46": 93.261,
    "47": 96.85033333333334,
    "48": 100.08833333333334,
    "49": 101.893,
    "50": 104.556,
    "51": 106.78666666666666,
    "52": 108.507,
    "53": 110.04733333333333,
    "54": 111.289,
    "55": 112.395,
    "56": 114.51566666666666,
    "57": 115.489,
    "58": 116.28633333333333,
    "59": 118.18433333333333,
    "60": 119.09433333333334,
    "61": 119.46166666666667,
    "62": 120.12466666666667,
    "63": 121.674,
    "64": 122.909,
    "65": 123.557,
    "66": 123.89033333333333,
    "67": 123.64366666666666,
    "68": 124.02166666666666,
    "69": 125.224,
    "70": 126.504,
    "71": 127.64133333333334,
    "72": 128.66466666666668,
    "73": 128.895,
    "74": 129.67833333333334,
    "75": 129.83266666666665
}