{
    "0": -9.895,
    "1": -1.2746666666666666,
    "2": 2.861,
    "3": 8.791,
    "4": 13.240666666666666,
    "5": 16.071,
    "6": 19.22,
    "7": 25.407666666666668,
    "8": 27.452333333333332,
    "9": 28.883333333333333,
    "10": 31.643333333333334,
    "11": 30.442333333333334,
    "12": 31.320666666666668,
    "13": 31.786,
    "14": 34.71966666666667,
    "15": 36.946333333333335,
    "16": 39.393,
    "17": 41.46033333333333,
    "18": 44.388666666666666,
    "19": 46.31966666666667,
    "20": 44.607,
    "21": 43.949333333333335,
    "22": 44.70333333333333,
    "23": 44.95666666666666,
    "24": 45.678333333333335,
    "25": 44.754333333333335,
    "26": 46.551,
    "27": 47.211666666666666,
    "28": 48.496,
    "29": 51.305,
    "30": 54.095666666666666,
    "31": 54.089666666666666,
    "32": 56.73466666666667,
    "33": 57.95133333333333,
    "34": 59.67733333333333,
    "35": 63.022666666666666,
    "36": 64.247,
    "37": 65.305,
    "38": 67.23966666666666,
    "39": 66.54566666666666,
    "40": 65.86,
    "41": 68.40266666666666,
    "42": 69.966,
    "43": 71.836,
    "44": 72.642,
    "45": 74.63166666666666,
    "46": 76.868,
    "47": 78.17466666666667,
    "48": 81.802,
    "49": 85.328,
    "50": 87.14266666666667,
    "51": 90.559,
    "52": 92.97866666666667,
    "53": 94.75433333333334,
    "54": 97.58266666666667,
    "55": 100.91733333333333,
    "56": 104.08133333333333,
    "57": 104.30966666666667,
    "58": 107.71333333333334,
    "59": 110.671,
    "60": 113.44666666666667,
    "61": 116.76266666666666,
    "62": 118.914,
    "63": 122.08833333333334,
    "64": 124.23833333333333,
    "65": 125.36966666666666,
    "66": 126.723,
    "67": 127.88,
    "68": 129.31666666666666,
    "69": 129.44033333333334,
    "70": 130.16133333333335,
    "71": 130.04366666666667,
    "72": 130.543,
    "73": 131.49666666666667,
    "74": 131.89966666666666,
    "75": 132.61433333333332
}