{
    "0": -53.08,
    "1": -40.071,
    "2": -28.437333333333335,
    "3": -12.528666666666666,
    "4": -2.523,
    "5": 7.916333333333333,
    "6": 9.075333333333333,
    "7": 16.376666666666665,
    "8": 22.609666666666666,
    "9": 27.378666666666668,
    "10": 30.387,
    "11": 32.10966666666667,
    "12": 34.14366666666667,
    "13": 37.75066666666667,
    "14": 39.646,
    "15": 41.705666666666666,
    "16": 44.088,
    "17": 47.672333333333334,
    "18": 51.21633333333333,
    "19": 50.472,
    "20": 53.778333333333336,
    "21": 57.70333333333333,
    "22": 58.91866666666667,
    "23": 55.649,
    "24": 56.376666666666665,
    "25": 59.21966666666667,
    "26": 60.763333333333335,
    "27": 64.97866666666667,
    "28": 64.20033333333333,
    "29": 67.773,
    "30": 68.538,
    "31": 70.38833333333334,
    "32": 70.07433333333333,
    "33": 71.533,
    "34": 73.516,
    "35": 77.118,
    "36": 81.72,
    "37": 85.13566666666667,
    "38": 86.484,
    "39": 89.76366666666667,
    "40": 92.09833333333333,
    "41": 94.23333333333333,
    "42": 98.04233333333333,
    "43": 100.603,
    "44": 104.45,
    "45": 108.14366666666666,
    "46": 111.94633333333333,
    "47": 113.04633333333334,
    "48": 116.40166666666667,
    "49": 118.532,
    "50": 120.76133333333334,
    "51": 121.78366666666666,
    "52": 124.32,
    "53": 128.486,
    "54": 130.78766666666667,
    "55": 134.872,
    "56": 137.197,
    "57": 139.207,
    "58": 139.49833333333333,
    "59": 141.39866666666666,
    "60": 143.76466666666667,
    "61": 144.79,
    "62": 148.058,
    "63": 148.97833333333332,
    "64": 150.878,
    "65": 151.63266666666667,
    "66": 151.429,
    "67": 151.263,
    "68": 150.829,
    "69": 152.6,
    "70": 153.94966666666667,
    "71": 155.00433333333334,
    "72": 156.29866666666666,
    "73": 157.66166666666666,
    "74": 158.16066666666666,
    "75": 157.98666666666668
}