{
    "0": -124.572,
    "1": -112.50266666666667,
    "2": -99.50966666666666,
    "3": -90.77733333333333,
    "4": -81.48433333333334,
    "5": -71.852,
    "6": -62.31733333333333,
    "7": -56.84466666666667,
    "8": -50.992333333333335,
    "9": -45.72933333333334,
    "10": -41.977333333333334,
    "11": -38.089,
    "12": -33.726,
    "13": -30.596333333333334,
    "14": -26.415666666666667,
    "15": -22.552,
    "16": -19.123333333333335,
    "17": -16.159333333333333,
    "18": -14.501,
    "19": -11.113666666666667,
    "20": -9.413333333333334,
    "21": -8.815666666666667,
    "22": -6.333333333333333,
    "23": -4.3196666666666665,
    "24": -1.2036666666666667,
    "25": 0.043666666666666666,
    "26": 1.605,
    "27": 2.857,
    "28": 5.008333333333334,
    "29": 6.22,
    "30": 7.750666666666667,
    "31": 7.756333333333333,
    "32": 7.440333333333333,
    "33": 9.610666666666667,
    "34": 9.177,
    "35": 9.878666666666666,
    "36": 10.007,
    "37": 10.314333333333334,
    "38": 11.602666666666666,
    "39": 13.322,
    "40": 12.803,
    "41": 14.326,
    "42": 14.206333333333333,
    "43": 14.674666666666667,
    "44": 16.169666666666668,
    "45": 16.473,
    "46": 17.312,
    "47": 19.146,
    "48": 19.819666666666667,
    "49": 22.057333333333332,
    "50": 21.311,
    "51": 22.358,
    "52": 22.799,
    "53": 23.815,
    "54": 24.707666666666668,
    "55": 25.935666666666666,
    "56": 26.926666666666666,
    "57": 27.949,
    "58": 29.520333333333333,
    "59": 29.955,
    "60": 30.418,
    "61": 31.86466666666667,
    "62": 32.76533333333333,
    "63": 33.75666666666667,
    "64": 32.796,
    "65": 33.026666666666664,
    "66": 33.39633333333333,
    "67": 34.23,
    "68": 34.499,
    "69": 35.446333333333335,
    "70": 35.854,
    "71": 36.684666666666665,
    "72": 38.59133333333333,
    "73": 39.32966666666667,
    "74": 41.07933333333333,
    "75": 42.58533333333333
}