{
    "0": -216.94633333333334,
    "1": -194.07466666666667,
    "2": -176.11533333333333,
    "3": -164.45333333333335,
    "4": -145.72033333333334,
    "5": -128.578,
    "6": -114.78566666666667,
    "7": -99.84966666666666,
    "8": -86.969,
    "9": -77.264,
    "10": -69.87666666666667,
    "11": -66.30566666666667,
    "12": -56.93,
    "13": -52.38633333333333,
    "14": -47.96033333333333,
    "15": -40.736333333333334,
    "16": -36.037333333333336,
    "17": -31.794,
    "18": -30.786,
    "19": -26.61766666666667,
    "20": -22.489,
    "21": -21.248666666666665,
    "22": -17.981,
    "23": -16.573666666666668,
    "24": -14.680333333333333,
    "25": -15.342,
    "26": -14.815,
    "27": -12.657,
    "28": -11.532,
    "29": -9.731,
    "30": -8.240666666666666,
    "31": -6.35,
    "32": -7.089333333333333,
    "33": -4.258333333333334,
    "34": -2.7876666666666665,
    "35": -3.885,
    "36": -4.855,
    "37": -3.0323333333333333,
    "38": -4.468,
    "39": -2.6086666666666667,
    "40": 0.4086666666666667,
    "41": 1.1146666666666667,
    "42": 1.5766666666666667,
    "43": 2.594,
    "44": 2.2876666666666665,
    "45": 2.6883333333333335,
    "46": 4.258666666666667,
    "47": 4.624,
    "48": 6.159,
    "49": 5.541666666666667,
    "50": 6.494666666666666,
    "51": 7.339333333333333,
    "52": 7.083,
    "53": 6.485,
    "54": 5.683,
    "55": 5.001666666666667,
    "56": 3.5103333333333335,
    "57": 2.4006666666666665,
    "58": 3.385666666666667,
    "59": 3.1306666666666665,
    "60": 5.662333333333334,
    "61": 7.173333333333333,
    "62": 8.715,
    "63": 8.574666666666667,
    "64": 8.037666666666667,
    "65": 9.945666666666666,
    "66": 12.093666666666667,
    "67": 11.937,
    "68": 12.385,
    "69": 11.802666666666667,
    "70": 14.017,
    "71": 14.143333333333333,
    "72": 15.409333333333333,
    "73": 15.07,
    "74": 12.657333333333334,
    "75": 13.133666666666667
}