{
    "0": -6.8613333333333335,
    "1": 0.49433333333333335,
    "2": 5.332333333333334,
    "3": 11.283333333333333,
    "4": 16.685333333333332,
    "5": 20.022,
    "6": 22.571,
    "7": 24.169,
    "8": 25.938,
    "9": 28.811666666666667,
    "10": 31.197,
    "11": 35.009,
    "12": 36.95,
    "13": 38.461666666666666,
    "14": 38.220666666666666,
    "15": 39.782,
    "16": 41.971666666666664,
    "17": 43.05266666666667,
    "18": 43.160333333333334,
    "19": 46.857,
    "20": 47.99733333333333,
    "21": 50.51766666666666,
    "22": 50.01233333333333,
    "23": 52.304,
    "24": 55.88133333333333,
    "25": 57.51233333333333,
    "26": 58.11633333333333,
    "27": 59.37166666666667,
    "28": 60.016333333333336,
    "29": 63.15533333333333,
    "30": 63.608333333333334,
    "31": 65.58666666666667,
    "32": 68.34566666666667,
    "33": 70.173,
    "34": 71.432,
    "35": 73.47366666666667,
    "36": 73.68266666666666,
    "37": 77.178,
    "38": 78.35133333333333,
    "39": 81.797,
    "40": 84.03633333333333,
    "41": 85.92,
    "42": 88.40366666666667,
    "43": 90.98033333333333,
    "44": 94.527,
    "45": 96.274,
    "46": 96.998,
    "47": 100.22533333333334,
    "48": 102.48433333333334,
    "49": 105.84233333333333,
    "50": 106.738,
    "51": 107.56433333333334,
    "52": 108.96966666666667,
    "53": 110.92666666666666,
    "54": 112.97266666666667,
    "55": 114.85833333333333,
    "56": 115.39333333333333,
    "57": 116.15833333333333,
    "58": 117.216,
    "59": 118.39766666666667,
    "60": 119.29,
    "61": 119.65833333333333,
    "62": 121.543,
    "63": 122.61266666666667,
    "64": 123.06233333333333,
    "65": 123.89066666666666,
    "66": 124.69633333333333,
    "67": 124.75,
    "68": 123.93833333333333,
    "69": 124.45533333333333,
    "70": 124.461,
    "71": 125.29,
    "72": 125.03166666666667,
    "73": 124.766,
    "74": 125.41766666666666,
    "75": 125.85733333333333
}