{
    "0": -78.896,
    "1": -62.04,
    "2": -46.223333333333336,
    "3": -30.799333333333333,
    "4": -14.479333333333333,
    "5": -3.4486666666666665,
    "6": 3.707333333333333,
    "7": 12.655333333333333,
    "8": 19.882,
    "9": 24.042666666666666,
    "10": 33.714666666666666,
    "11": 41.78933333333333,
    "12": 52.292,
    "13": 53.49333333333333,
    "14": 58.766666666666666,
    "15": 62.824,
    "16": 65.83933333333333,
    "17": 73.276,
    "18": 77.20266666666667,
    "19": 84.03533333333333,
    "20": 85.918,
    "21": 92.99866666666667,
    "22": 101.314,
    "23": 110.74266666666666,
    "24": 118.21333333333334,
    "25": 126.058,
    "26": 132.92,
    "27": 139.43533333333335,
    "28": 147.04866666666666,
    "29": 152.89666666666668,
    "30": 158.116,
    "31": 161.408,
    "32": 164.072,
    "33": 166.33,
    "34": 168.42933333333335,
    "35": 173.27666666666667,
    "36": 175.56933333333333,
    "37": 180.036,
    "38": 181.67266666666666,
    "39": 184.728,
    "40": 186.04266666666666,
    "41": 187.65466666666666,
    "42": 189.14066666666668,
    "43": 189.792,
    "44": 189.47066666666666,
    "45": 189.778,
    "46": 191.51933333333332,
    "47": 193.10466666666667,
    "48": 194.46266666666668,
    "49": 194.27933333333334,
    "50": 195.60266666666666
}