{
    "0": -90.83466666666666,
    "1": -73.73666666666666,
    "2": -58.946666666666665,
    "3": -43.288666666666664,
    "4": -31.66,
    "5": -17.106666666666666,
    "6": -6.116,
    "7": 2.5366666666666666,
    "8": 11.626,
    "9": 21.483333333333334,
    "10": 29.878666666666668,
    "11": 36.268,
    "12": 44.367333333333335,
    "13": 48.224,
    "14": 50.656666666666666,
    "15": 56.63733333333333,
    "16": 56.61533333333333,
    "17": 60.24133333333333,
    "18": 65.896,
    "19": 67.66333333333333,
    "20": 72.11333333333333,
    "21": 79.22133333333333,
    "22": 82.592,
    "23": 87.58733333333333,
    "24": 93.788,
    "25": 91.08866666666667,
    "26": 99.194,
    "27": 103.378,
    "28": 113.288,
    "29": 118.47133333333333,
    "30": 120.49333333333334,
    "31": 125.24,
    "32": 127.40066666666667,
    "33": 131.16733333333335,
    "34": 133.76266666666666,
    "35": 136.6,
    "36": 138.60333333333332,
    "37": 139.08866666666665,
    "38": 143.19333333333333,
    "39": 144.468,
    "40": 145.16333333333333,
    "41": 146.20866666666666,
    "42": 147.34933333333333,
    "43": 147.782,
    "44": 147.68266666666668,
    "45": 148.536,
    "46": 149.58733333333333,
    "47": 150.39266666666666,
    "48": 150.56133333333332,
    "49": 152.37666666666667,
    "50": 152.52333333333334
}