{
    "0": -74.43533333333333,
    "1": -56.242,
    "2": -41.562,
    "3": -30.030666666666665,
    "4": -18.216666666666665,
    "5": -6.584,
    "6": -0.426,
    "7": 10.68,
    "8": 20.32133333333333,
    "9": 30.304666666666666,
    "10": 35.784666666666666,
    "11": 43.215333333333334,
    "12": 46.846666666666664,
    "13": 50.919333333333334,
    "14": 53.75866666666667,
    "15": 62.175333333333334,
    "16": 66.7,
    "17": 70.57066666666667,
    "18": 70.57133333333333,
    "19": 76.744,
    "20": 79.19266666666667,
    "21": 81.43933333333334,
    "22": 84.60733333333333,
    "23": 88.792,
    "24": 92.28333333333333,
    "25": 98.55866666666667,
    "26": 102.39466666666667,
    "27": 106.38266666666667,
    "28": 110.42266666666667,
    "29": 115.958,
    "30": 126.31333333333333,
    "31": 131.856,
    "32": 137.54333333333332,
    "33": 147.85,
    "34": 155.12733333333333,
    "35": 160.222,
    "36": 164.34733333333332,
    "37": 166.67866666666666,
    "38": 170.25933333333333,
    "39": 173.214,
    "40": 175.54333333333332,
    "41": 178.03133333333332,
    "42": 178.118,
    "43": 177.918,
    "44": 179.356,
    "45": 180.39866666666666,
    "46": 180.51133333333334,
    "47": 182.20733333333334,
    "48": 181.46133333333333,
    "49": 182.56266666666667,
    "50": 184.522
}