{
    "0": -88.63333333333334,
    "1": -66.768,
    "2": -48.70066666666666,
    "3": -33.098,
    "4": -19.316666666666666,
    "5": -10.985333333333333,
    "6": -4.794666666666667,
    "7": 3.36,
    "8": 12.129333333333333,
    "9": 17.802,
    "10": 22.702666666666666,
    "11": 29.172666666666668,
    "12": 36.552,
    "13": 37.882666666666665,
    "14": 45.81,
    "15": 49.58866666666667,
    "16": 59.834666666666664,
    "17": 67.53333333333333,
    "18": 69.37733333333334,
    "19": 73.49466666666666,
    "20": 83.41266666666667,
    "21": 88.808,
    "22": 93.156,
    "23": 98.996,
    "24": 102.41733333333333,
    "25": 106.44733333333333,
    "26": 111.75,
    "27": 116.87,
    "28": 120.78533333333333,
    "29": 126.35266666666666,
    "30": 133.622,
    "31": 138.32,
    "32": 144.14066666666668,
    "33": 148.356,
    "34": 149.05933333333334,
    "35": 148.48066666666668,
    "36": 148.656,
    "37": 156.278,
    "38": 160.442,
    "39": 163.866,
    "40": 164.94733333333335,
    "41": 165.46733333333333,
    "42": 167.636,
    "43": 169.72133333333332,
    "44": 171.89466666666667,
    "45": 173.81133333333332,
    "46": 174.09,
    "47": 175.73533333333333,
    "48": 175.922,
    "49": 178.46466666666666,
    "50": 178.45466666666667
}