{
    "0": -85.58,
    "1": -70.75133333333333,
    "2": -57.379333333333335,
    "3": -41.257333333333335,
    "4": -29.141333333333332,
    "5": -17.939333333333334,
    "6": -13.087333333333333,
    "7": -1.6593333333333333,
    "8": 8.908,
    "9": 16.959333333333333,
    "10": 22.074,
    "11": 25.894,
    "12": 29.634666666666668,
    "13": 40.644,
    "14": 46.85733333333334,
    "15": 52.781333333333336,
    "16": 57.260666666666665,
    "17": 61.27733333333333,
    "18": 65.916,
    "19": 71.64733333333334,
    "20": 80.23,
    "21": 83.23933333333333,
    "22": 85.21266666666666,
    "23": 84.26733333333334,
    "24": 93.38933333333334,
    "25": 103.51666666666667,
    "26": 108.986,
    "27": 115.94333333333333,
    "28": 120.60866666666666,
    "29": 120.43533333333333,
    "30": 123.60866666666666,
    "31": 131.91733333333335,
    "32": 135.98733333333334,
    "33": 143.28066666666666,
    "34": 147.17933333333335,
    "35": 151.83933333333334,
    "36": 153.672,
    "37": 159.534,
    "38": 162.94866666666667,
    "39": 166.57066666666665,
    "40": 169.14866666666666,
    "41": 172.94466666666668,
    "42": 175.11266666666666,
    "43": 176.20266666666666,
    "44": 178.14933333333335,
    "45": 179.75266666666667,
    "46": 179.75733333333332,
    "47": 179.998,
    "48": 181.70466666666667,
    "49": 182.34266666666667,
    "50": 182.71
}