{
    "0": -79.38533333333334,
    "1": -56.931333333333335,
    "2": -40.38733333333333,
    "3": -21.022666666666666,
    "4": -7.3053333333333335,
    "5": 4.967333333333333,
    "6": 12.582,
    "7": 23.515333333333334,
    "8": 33.74733333333333,
    "9": 42.425333333333334,
    "10": 52.23133333333333,
    "11": 55.422,
    "12": 64.78733333333334,
    "13": 66.882,
    "14": 69.35333333333334,
    "15": 77.84666666666666,
    "16": 88.85466666666666,
    "17": 92.50266666666667,
    "18": 101.692,
    "19": 109.114,
    "20": 113.854,
    "21": 115.87933333333334,
    "22": 119.78866666666667,
    "23": 124.50866666666667,
    "24": 129.538,
    "25": 133.618,
    "26": 140.38733333333334,
    "27": 143.64466666666667,
    "28": 144.418,
    "29": 144.66,
    "30": 145.13,
    "31": 148.51866666666666,
    "32": 151.756,
    "33": 156.83933333333334,
    "34": 158.14666666666668,
    "35": 160.91266666666667,
    "36": 162.85133333333334,
    "37": 163.59866666666667,
    "38": 164.74133333333333,
    "39": 165.24533333333332,
    "40": 167.26666666666668,
    "41": 169.686,
    "42": 171.29,
    "43": 173.99533333333332,
    "44": 175.36933333333334,
    "45": 175.266,
    "46": 176.446,
    "47": 176.71733333333333,
    "48": 176.048,
    "49": 174.844,
    "50": 176.97733333333332
}