{
    "0": -88.82733333333333,
    "1": -67.632,
    "2": -50.39933333333333,
    "3": -38.62,
    "4": -29.586666666666666,
    "5": -17.511333333333333,
    "6": -8.371333333333334,
    "7": -0.768,
    "8": 10.901333333333334,
    "9": 15.806666666666667,
    "10": 21.730666666666668,
    "11": 25.982666666666667,
    "12": 29.865333333333332,
    "13": 34.902,
    "14": 37.57866666666666,
    "15": 43.78,
    "16": 42.21666666666667,
    "17": 42.37866666666667,
    "18": 48.08733333333333,
    "19": 49.056666666666665,
    "20": 50.604,
    "21": 52.806,
    "22": 54.488,
    "23": 55.804,
    "24": 56.95066666666666,
    "25": 56.914,
    "26": 55.60333333333333,
    "27": 58.846,
    "28": 58.33,
    "29": 61.55466666666667,
    "30": 64.05133333333333,
    "31": 65.44333333333333,
    "32": 65.81533333333333,
    "33": 68.00533333333334,
    "34": 67.93,
    "35": 70.214,
    "36": 72.71933333333334,
    "37": 70.928,
    "38": 73.70466666666667,
    "39": 75.378,
    "40": 80.06866666666667,
    "41": 84.97266666666667,
    "42": 83.026,
    "43": 83.99133333333333,
    "44": 85.306,
    "45": 87.166,
    "46": 89.98,
    "47": 92.87866666666666,
    "48": 93.92666666666666,
    "49": 98.918,
    "50": 102.254
}