{
    "0": -83.86466666666666,
    "1": -72.53333333333333,
    "2": -56.648666666666664,
    "3": -38.248666666666665,
    "4": -21.115333333333332,
    "5": -13.674666666666667,
    "6": -5.952,
    "7": 1.384,
    "8": 5.036,
    "9": 8.447333333333333,
    "10": 15.302,
    "11": 23.61466666666667,
    "12": 34.97933333333334,
    "13": 38.02066666666666,
    "14": 42.40133333333333,
    "15": 43.97266666666667,
    "16": 45.988,
    "17": 50.42733333333333,
    "18": 55.68266666666667,
    "19": 60.483333333333334,
    "20": 62.705333333333336,
    "21": 68.85066666666667,
    "22": 72.472,
    "23": 79.98666666666666,
    "24": 85.35133333333333,
    "25": 90.69333333333333,
    "26": 94.188,
    "27": 99.55133333333333,
    "28": 104.59866666666667,
    "29": 110.47066666666667,
    "30": 119.036,
    "31": 125.164,
    "32": 129.46733333333333,
    "33": 131.62333333333333,
    "34": 137.65933333333334,
    "35": 142.712,
    "36": 147.44,
    "37": 149.90733333333333,
    "38": 153.31466666666665,
    "39": 157.83533333333332,
    "40": 160.604,
    "41": 164.49066666666667,
    "42": 168.128,
    "43": 171.10333333333332,
    "44": 173.17866666666666,
    "45": 176.71066666666667,
    "46": 178.068,
    "47": 180.24533333333332,
    "48": 182.466,
    "49": 183.92533333333333,
    "50": 185.132
}