{
    "0": -81.23133333333334,
    "1": -68.91733333333333,
    "2": -55.40133333333333,
    "3": -35.08866666666667,
    "4": -23.875333333333334,
    "5": -11.051333333333334,
    "6": 1.5926666666666667,
    "7": 16.632,
    "8": 34.574666666666666,
    "9": 44.272666666666666,
    "10": 52.696666666666665,
    "11": 63.56333333333333,
    "12": 69.94,
    "13": 78.48266666666666,
    "14": 83.69266666666667,
    "15": 91.84066666666666,
    "16": 97.444,
    "17": 103.70533333333333,
    "18": 111.29333333333334,
    "19": 114.28866666666667,
    "20": 119.18733333333333,
    "21": 124.25066666666666,
    "22": 129.34666666666666,
    "23": 130.156,
    "24": 130.72,
    "25": 132.47933333333333,
    "26": 132.93133333333333,
    "27": 134.44266666666667,
    "28": 135.6,
    "29": 135.48666666666668,
    "30": 136.63066666666666,
    "31": 136.30866666666665,
    "32": 136.872,
    "33": 136.73,
    "34": 138.572,
    "35": 139.45066666666668,
    "36": 138.06133333333332,
    "37": 139.13133333333334,
    "38": 139.324,
    "39": 140.066,
    "40": 140.36266666666666,
    "41": 139.99133333333333,
    "42": 140.376,
    "43": 141.378,
    "44": 143.24,
    "45": 143.56266666666667,
    "46": 143.598,
    "47": 142.96466666666666,
    "48": 142.77466666666666,
    "49": 142.596,
    "50": 141.832
}