{
    "0": -84.43333333333334,
    "1": -63.57666666666667,
    "2": -49.06,
    "3": -36.81,
    "4": -19.252666666666666,
    "5": -4.354,
    "6": 2.532,
    "7": 7.676,
    "8": 15.688,
    "9": 22.648,
    "10": 29.323333333333334,
    "11": 33.65533333333333,
    "12": 39.948,
    "13": 44.56466666666667,
    "14": 49.23133333333333,
    "15": 53.910666666666664,
    "16": 59.55,
    "17": 65.086,
    "18": 69.76066666666667,
    "19": 74.516,
    "20": 78.89533333333334,
    "21": 80.99333333333334,
    "22": 81.964,
    "23": 85.35333333333334,
    "24": 89.01266666666666,
    "25": 90.41866666666667,
    "26": 94.12066666666666,
    "27": 99.94133333333333,
    "28": 102.482,
    "29": 107.128,
    "30": 116.18666666666667,
    "31": 124.08466666666666,
    "32": 130.15933333333334,
    "33": 137.708,
    "34": 142.84333333333333,
    "35": 146.15866666666668,
    "36": 149.69066666666666,
    "37": 153.43266666666668,
    "38": 157.12866666666667,
    "39": 159.36266666666666,
    "40": 161.904,
    "41": 163.836,
    "42": 165.12533333333334,
    "43": 166.06333333333333,
    "44": 167.91533333333334,
    "45": 169.86333333333334,
    "46": 171.80066666666667,
    "47": 173.35933333333332,
    "48": 175.24533333333332,
    "49": 177.43533333333335,
    "50": 178.55733333333333
}