{
    "0": -77.48733333333334,
    "1": -56.663333333333334,
    "2": -42.601333333333336,
    "3": -32.62733333333333,
    "4": -20.394666666666666,
    "5": -8.776,
    "6": 1.2353333333333334,
    "7": 2.9426666666666668,
    "8": 11.545333333333334,
    "9": 18.49,
    "10": 24.629333333333335,
    "11": 29.695333333333334,
    "12": 36.69266666666667,
    "13": 38.724666666666664,
    "14": 40.495333333333335,
    "15": 39.851333333333336,
    "16": 44.816,
    "17": 49.72533333333333,
    "18": 56.182,
    "19": 57.095333333333336,
    "20": 61.712666666666664,
    "21": 65.38266666666667,
    "22": 68.32933333333334,
    "23": 70.04,
    "24": 73.27333333333333,
    "25": 78.002,
    "26": 83.47933333333333,
    "27": 90.19933333333333,
    "28": 96.47466666666666,
    "29": 96.58733333333333,
    "30": 98.54133333333333,
    "31": 102.308,
    "32": 105.99466666666666,
    "33": 107.482,
    "34": 110.41533333333334,
    "35": 115.808,
    "36": 116.798,
    "37": 122.57666666666667,
    "38": 124.05933333333333,
    "39": 125.04333333333334,
    "40": 127.79733333333333,
    "41": 133.67933333333335,
    "42": 140.106,
    "43": 142.268,
    "44": 144.98,
    "45": 147.47266666666667,
    "46": 149.76,
    "47": 152.90266666666668,
    "48": 156.41133333333335,
    "49": 158.00866666666667,
    "50": 159.18933333333334
}