{
    "0": -84.49466666666666,
    "1": -69.82033333333334,
    "2": -56.573,
    "3": -45.68633333333333,
    "4": -32.368,
    "5": -23.487333333333332,
    "6": -14.093666666666667,
    "7": -6.067333333333333,
    "8": 2.5873333333333335,
    "9": 10.668,
    "10": 16.134,
    "11": 20.850666666666665,
    "12": 24.915,
    "13": 28.857333333333333,
    "14": 33.272,
    "15": 37.74633333333333,
    "16": 40.01766666666666,
    "17": 39.901666666666664,
    "18": 41.82,
    "19": 43.774,
    "20": 46.43,
    "21": 50.31933333333333,
    "22": 54.715,
    "23": 58.47666666666667,
    "24": 59.544666666666664,
    "25": 58.712,
    "26": 62.681666666666665,
    "27": 67.42266666666667,
    "28": 71.96133333333333,
    "29": 73.86033333333333,
    "30": 76.00633333333333,
    "31": 77.223,
    "32": 76.82166666666667,
    "33": 81.02666666666667,
    "34": 84.01733333333334,
    "35": 85.07333333333334,
    "36": 85.445,
    "37": 89.46966666666667,
    "38": 96.62266666666666,
    "39": 101.74433333333333,
    "40": 105.68966666666667,
    "41": 106.085,
    "42": 109.78333333333333,
    "43": 114.73566666666666,
    "44": 116.456,
    "45": 119.90433333333333,
    "46": 123.51533333333333,
    "47": 125.86933333333333,
    "48": 128.46333333333334,
    "49": 132.13433333333333,
    "50": 136.719,
    "51": 139.37866666666667,
    "52": 142.288,
    "53": 147.428,
    "54": 151.859,
    "55": 156.19033333333334,
    "56": 157.64333333333335,
    "57": 158.458,
    "58": 160.13966666666667,
    "59": 162.13733333333334,
    "60": 162.71633333333332,
    "61": 164.641,
    "62": 167.13666666666666,
    "63": 169.44,
    "64": 171.02966666666666,
    "65": 171.22733333333332,
    "66": 171.93566666666666,
    "67": 172.95,
    "68": 173.17666666666668,
    "69": 173.65766666666667,
    "70": 174.32933333333332,
    "71": 175.03566666666666,
    "72": 175.88866666666667,
    "73": 176.914,
    "74": 178.633,
    "75": 179.493
}