{
    "0": -83.088,
    "1": -62.743,
    "2": -44.013333333333335,
    "3": -36.038666666666664,
    "4": -22.371,
    "5": -15.238,
    "6": -9.004,
    "7": -1.3573333333333333,
    "8": 4.938666666666666,
    "9": 9.885333333333334,
    "10": 17.298666666666666,
    "11": 22.61,
    "12": 26.453666666666667,
    "13": 32.06966666666667,
    "14": 32.571666666666665,
    "15": 33.523,
    "16": 34.196666666666665,
    "17": 35.285333333333334,
    "18": 39.14566666666666,
    "19": 40.65533333333333,
    "20": 44.613,
    "21": 51.205333333333336,
    "22": 52.88133333333333,
    "23": 54.489333333333335,
    "24": 55.531333333333336,
    "25": 55.403666666666666,
    "26": 55.06766666666667,
    "27": 55.90533333333333,
    "28": 57.67766666666667,
    "29": 58.3,
    "30": 57.406,
    "31": 62.229,
    "32": 62.074,
    "33": 65.853,
    "34": 66.42333333333333,
    "35": 65.86833333333334,
    "36": 65.73566666666666,
    "37": 65.49666666666667,
    "38": 67.049,
    "39": 66.64766666666667,
    "40": 70.33166666666666,
    "41": 75.86433333333333,
    "42": 76.72666666666667,
    "43": 76.28666666666666,
    "44": 79.19133333333333,
    "45": 78.08166666666666,
    "46": 80.344,
    "47": 83.60666666666667,
    "48": 82.30533333333334,
    "49": 83.703,
    "50": 85.01733333333334,
    "51": 87.66733333333333,
    "52": 87.886,
    "53": 92.293,
    "54": 93.37666666666667,
    "55": 95.47466666666666,
    "56": 95.728,
    "57": 99.285,
    "58": 100.354,
    "59": 102.67833333333333,
    "60": 106.20566666666667,
    "61": 108.876,
    "62": 112.26433333333334,
    "63": 112.29966666666667,
    "64": 115.70833333333333,
    "65": 115.45766666666667,
    "66": 118.44666666666667,
    "67": 120.62566666666666,
    "68": 120.89266666666667,
    "69": 121.77866666666667,
    "70": 123.30666666666667,
    "71": 126.85733333333333,
    "72": 128.42866666666666,
    "73": 130.49333333333334,
    "74": 132.91566666666668,
    "75": 134.489
}