{
    "0": -81.74566666666666,
    "1": -66.564,
    "2": -52.720333333333336,
    "3": -42.443333333333335,
    "4": -30.603666666666665,
    "5": -18.052333333333333,
    "6": -9.752666666666666,
    "7": -0.5243333333333333,
    "8": 5.189666666666667,
    "9": 10.058333333333334,
    "10": 15.854333333333333,
    "11": 19.182333333333332,
    "12": 22.695,
    "13": 25.857,
    "14": 33.131,
    "15": 37.64033333333333,
    "16": 40.928,
    "17": 42.88666666666666,
    "18": 46.23133333333333,
    "19": 49.06766666666667,
    "20": 49.78,
    "21": 50.141333333333336,
    "22": 53.36233333333333,
    "23": 58.62166666666667,
    "24": 61.78366666666667,
    "25": 63.089666666666666,
    "26": 66.27133333333333,
    "27": 68.57,
    "28": 70.33366666666667,
    "29": 72.25966666666666,
    "30": 77.17533333333333,
    "31": 79.32866666666666,
    "32": 82.364,
    "33": 86.01466666666667,
    "34": 89.80066666666667,
    "35": 91.58766666666666,
    "36": 94.409,
    "37": 98.19333333333333,
    "38": 100.73933333333333,
    "39": 103.813,
    "40": 107.56133333333334,
    "41": 109.61833333333334,
    "42": 111.48266666666666,
    "43": 115.661,
    "44": 118.56466666666667,
    "45": 119.84066666666666,
    "46": 120.388,
    "47": 124.00966666666666,
    "48": 129.02466666666666,
    "49": 132.722,
    "50": 137.29433333333333,
    "51": 139.013,
    "52": 140.84366666666668,
    "53": 142.131,
    "54": 143.253,
    "55": 144.91633333333334,
    "56": 145.94033333333334,
    "57": 146.04033333333334,
    "58": 147.23033333333333,
    "59": 152.764,
    "60": 153.98566666666667,
    "61": 154.91,
    "62": 155.533,
    "63": 155.96233333333333,
    "64": 158.604,
    "65": 159.46166666666667,
    "66": 161.467,
    "67": 163.311,
    "68": 165.94433333333333,
    "69": 166.18166666666667,
    "70": 167.943,
    "71": 170.77866666666668,
    "72": 172.05266666666665,
    "73": 171.33033333333333,
    "74": 170.57966666666667,
    "75": 174.01033333333334
}