{
    "0": -85.284,
    "1": -68.33133333333333,
    "2": -58.373333333333335,
    "3": -45.64666666666667,
    "4": -31.150666666666666,
    "5": -17.885666666666665,
    "6": -10.774,
    "7": -6.421333333333333,
    "8": 1.59,
    "9": 3.646,
    "10": 9.634333333333334,
    "11": 16.610666666666667,
    "12": 21.012666666666668,
    "13": 25.164666666666665,
    "14": 28.692333333333334,
    "15": 31.467,
    "16": 31.976333333333333,
    "17": 33.872,
    "18": 35.721,
    "19": 39.373333333333335,
    "20": 40.119,
    "21": 42.452,
    "22": 44.087,
    "23": 45.233666666666664,
    "24": 47.21966666666667,
    "25": 47.705666666666666,
    "26": 48.44866666666667,
    "27": 49.916666666666664,
    "28": 51.16433333333333,
    "29": 49.315333333333335,
    "30": 49.60366666666667,
    "31": 48.08166666666666,
    "32": 49.54866666666667,
    "33": 51.183,
    "34": 54.51,
    "35": 54.555,
    "36": 54.121,
    "37": 56.531333333333336,
    "38": 56.711666666666666,
    "39": 56.93666666666667,
    "40": 58.34,
    "41": 57.82366666666667,
    "42": 60.040333333333336,
    "43": 60.557,
    "44": 62.626,
    "45": 65.49266666666666,
    "46": 66.81066666666666,
    "47": 69.33266666666667,
    "48": 70.839,
    "49": 68.951,
    "50": 69.98966666666666,
    "51": 70.18366666666667,
    "52": 71.89433333333334,
    "53": 78.23733333333334,
    "54": 79.88333333333334,
    "55": 81.94933333333333,
    "56": 79.398,
    "57": 80.654,
    "58": 81.42533333333333,
    "59": 85.258,
    "60": 86.96,
    "61": 88.56466666666667,
    "62": 90.56466666666667,
    "63": 89.749,
    "64": 94.16866666666667,
    "65": 97.793,
    "66": 100.07033333333334,
    "67": 102.433,
    "68": 105.11066666666666,
    "69": 111.414,
    "70": 111.71333333333334,
    "71": 114.99,
    "72": 117.97466666666666,
    "73": 121.732,
    "74": 122.93,
    "75": 125.25766666666667
}