{
    "0": -86.356,
    "1": -71.72066666666667,
    "2": -53.211,
    "3": -40.92433333333334,
    "4": -28.629666666666665,
    "5": -19.775333333333332,
    "6": -9.469333333333333,
    "7": 1.404,
    "8": 9.435666666666666,
    "9": 13.800666666666666,
    "10": 19.141666666666666,
    "11": 25.740666666666666,
    "12": 31.893666666666668,
    "13": 36.861666666666665,
    "14": 39.705333333333336,
    "15": 43.318,
    "16": 50.37866666666667,
    "17": 52.364333333333335,
    "18": 54.81166666666667,
    "19": 55.428333333333335,
    "20": 58.229,
    "21": 57.9,
    "22": 63.61066666666667,
    "23": 64.05233333333334,
    "24": 65.96833333333333,
    "25": 68.22933333333333,
    "26": 70.18133333333333,
    "27": 73.53133333333334,
    "28": 74.21966666666667,
    "29": 74.39033333333333,
    "30": 78.20966666666666,
    "31": 78.63666666666667,
    "32": 82.24533333333333,
    "33": 85.053,
    "34": 87.67533333333333,
    "35": 93.327,
    "36": 96.14266666666667,
    "37": 96.23566666666666,
    "38": 96.31566666666667,
    "39": 95.5,
    "40": 99.901,
    "41": 102.74533333333333,
    "42": 103.32166666666667,
    "43": 104.47166666666666,
    "44": 105.28466666666667,
    "45": 108.41133333333333,
    "46": 112.22166666666666,
    "47": 118.03333333333333,
    "48": 119.56666666666666,
    "49": 122.21466666666667,
    "50": 125.756,
    "51": 126.12633333333333,
    "52": 126.97066666666667,
    "53": 128.021,
    "54": 130.62566666666666,
    "55": 133.38066666666666,
    "56": 135.35633333333334,
    "57": 135.90933333333334,
    "58": 139.669,
    "59": 141.36766666666668,
    "60": 142.72,
    "61": 142.35166666666666,
    "62": 144.41566666666668,
    "63": 146.56133333333332,
    "64": 146.651,
    "65": 147.21533333333332,
    "66": 148.22933333333333,
    "67": 148.97766666666666,
    "68": 151.168,
    "69": 153.80166666666668,
    "70": 155.10133333333334,
    "71": 154.83066666666667,
    "72": 155.768,
    "73": 157.79966666666667,
    "74": 159.199,
    "75": 160.25066666666666
}