{
    "0": -83.686,
    "1": -65.92,
    "2": -51.25066666666667,
    "3": -37.498,
    "4": -25.506,
    "5": -13.246666666666666,
    "6": -3.917666666666667,
    "7": 1.3676666666666666,
    "8": 6.1963333333333335,
    "9": 10.488333333333333,
    "10": 18.638666666666666,
    "11": 23.426333333333332,
    "12": 28.036333333333335,
    "13": 30.038333333333334,
    "14": 34.221,
    "15": 38.084666666666664,
    "16": 41.486666666666665,
    "17": 44.774,
    "18": 47.07533333333333,
    "19": 47.791333333333334,
    "20": 49.193333333333335,
    "21": 48.263,
    "22": 49.26466666666666,
    "23": 50.404,
    "24": 52.79533333333333,
    "25": 55.79266666666667,
    "26": 55.967333333333336,
    "27": 55.777,
    "28": 56.038666666666664,
    "29": 57.687,
    "30": 61.205,
    "31": 60.771,
    "32": 62.588,
    "33": 63.468666666666664,
    "34": 66.361,
    "35": 67.36266666666667,
    "36": 66.239,
    "37": 66.48133333333334,
    "38": 68.65533333333333,
    "39": 69.80533333333334,
    "40": 73.022,
    "41": 73.95533333333333,
    "42": 77.98133333333334,
    "43": 73.374,
    "44": 72.24733333333333,
    "45": 72.41,
    "46": 71.18733333333333,
    "47": 73.717,
    "48": 77.242,
    "49": 80.03166666666667,
    "50": 83.38566666666667,
    "51": 85.34533333333333,
    "52": 86.317,
    "53": 86.99033333333334,
    "54": 88.27133333333333,
    "55": 88.08533333333334,
    "56": 90.59866666666667,
    "57": 89.33566666666667,
    "58": 92.65966666666667,
    "59": 92.78266666666667,
    "60": 93.205,
    "61": 94.91233333333334,
    "62": 99.718,
    "63": 102.609,
    "64": 104.87366666666667,
    "65": 106.746,
    "66": 108.17566666666667,
    "67": 111.1,
    "68": 111.646,
    "69": 115.22033333333333,
    "70": 117.43533333333333,
    "71": 119.44266666666667,
    "72": 121.66333333333333,
    "73": 122.144,
    "74": 124.52366666666667,
    "75": 126.34666666666666
}