{
    "0": -83.11066666666666,
    "1": -64.44666666666667,
    "2": -46.113,
    "3": -35.65533333333333,
    "4": -25.559,
    "5": -16.566666666666666,
    "6": -6.085666666666667,
    "7": 3.1393333333333335,
    "8": 7.025,
    "9": 13.053,
    "10": 16.74,
    "11": 19.715,
    "12": 20.984,
    "13": 23.542666666666666,
    "14": 30.012333333333334,
    "15": 30.977333333333334,
    "16": 31.546,
    "17": 34.57033333333333,
    "18": 36.117666666666665,
    "19": 37.20033333333333,
    "20": 38.28633333333333,
    "21": 38.70633333333333,
    "22": 41.40266666666667,
    "23": 46.637,
    "24": 49.690666666666665,
    "25": 50.47233333333333,
    "26": 51.946333333333335,
    "27": 51.99933333333333,
    "28": 54.35366666666667,
    "29": 57.222,
    "30": 61.65833333333333,
    "31": 59.728,
    "32": 63.268,
    "33": 63.711,
    "34": 65.25233333333334,
    "35": 64.746,
    "36": 67.41566666666667,
    "37": 68.756,
    "38": 69.75466666666667,
    "39": 70.58,
    "40": 71.138,
    "41": 73.146,
    "42": 76.21833333333333,
    "43": 76.391,
    "44": 77.31433333333334,
    "45": 79.45633333333333,
    "46": 80.19433333333333,
    "47": 82.11133333333333,
    "48": 83.85133333333333,
    "49": 85.74766666666666,
    "50": 85.517,
    "51": 89.169,
    "52": 89.09733333333334,
    "53": 89.87733333333334,
    "54": 92.57566666666666,
    "55": 90.96966666666667,
    "56": 91.56266666666667,
    "57": 93.29366666666667,
    "58": 95.08466666666666,
    "59": 95.374,
    "60": 97.11033333333333,
    "61": 99.52266666666667,
    "62": 101.562,
    "63": 103.96766666666667,
    "64": 105.116,
    "65": 107.347,
    "66": 110.27166666666666,
    "67": 113.31866666666667,
    "68": 112.01633333333334,
    "69": 113.139,
    "70": 114.49,
    "71": 114.31866666666667,
    "72": 120.59066666666666,
    "73": 122.978,
    "74": 128.34266666666667,
    "75": 129.591
}