{
    "0": -84.52833333333334,
    "1": -71.46733333333333,
    "2": -53.306,
    "3": -38.94466666666667,
    "4": -29.656333333333333,
    "5": -18.671666666666667,
    "6": -7.852666666666667,
    "7": -4.227666666666667,
    "8": 2.3846666666666665,
    "9": 8.290333333333333,
    "10": 15.192,
    "11": 20.344,
    "12": 24.093,
    "13": 30.21066666666667,
    "14": 31.218,
    "15": 31.637,
    "16": 32.236333333333334,
    "17": 35.148,
    "18": 37.47966666666667,
    "19": 40.532,
    "20": 46.647666666666666,
    "21": 47.347,
    "22": 48.81966666666667,
    "23": 48.852333333333334,
    "24": 48.18633333333333,
    "25": 50.93933333333333,
    "26": 51.62166666666667,
    "27": 52.45766666666667,
    "28": 53.04066666666667,
    "29": 54.93,
    "30": 55.815666666666665,
    "31": 59.023666666666664,
    "32": 60.09766666666667,
    "33": 63.879,
    "34": 64.907,
    "35": 64.80166666666666,
    "36": 67.54866666666666,
    "37": 69.181,
    "38": 69.56466666666667,
    "39": 70.589,
    "40": 70.74966666666667,
    "41": 70.60566666666666,
    "42": 71.02933333333333,
    "43": 71.48933333333333,
    "44": 72.295,
    "45": 74.24466666666666,
    "46": 75.82,
    "47": 80.02833333333334,
    "48": 79.66933333333333,
    "49": 80.601,
    "50": 81.725,
    "51": 81.25333333333333,
    "52": 81.24566666666666,
    "53": 82.70033333333333,
    "54": 85.52,
    "55": 88.02466666666666,
    "56": 87.71566666666666,
    "57": 91.17066666666666,
    "58": 93.992,
    "59": 95.29833333333333,
    "60": 96.56233333333333,
    "61": 95.81233333333333,
    "62": 94.41433333333333,
    "63": 95.11566666666667,
    "64": 95.67433333333334,
    "65": 97.887,
    "66": 98.916,
    "67": 98.96266666666666,
    "68": 101.49,
    "69": 101.594,
    "70": 105.8,
    "71": 106.40333333333334,
    "72": 108.20566666666667,
    "73": 107.913,
    "74": 108.21033333333334,
    "75": 109.43766666666667
}