{
    "0": 51.144333333333336,
    "1": 44.11,
    "2": 41.634,
    "3": 41.339666666666666,
    "4": 40.08133333333333,
    "5": 40.632,
    "6": 41.233,
    "7": 39.872,
    "8": 38.85033333333333,
    "9": 36.718,
    "10": 38.071,
    "11": 37.929,
    "12": 40.13766666666667,
    "13": 42.072,
    "14": 45.218,
    "15": 43.507333333333335,
    "16": 43.997,
    "17": 44.40533333333333,
    "18": 45.603,
    "19": 49.131,
    "20": 48.095666666666666,
    "21": 47.742333333333335,
    "22": 48.75966666666667,
    "23": 49.715,
    "24": 49.591,
    "25": 52.955333333333336,
    "26": 53.90233333333333,
    "27": 53.933,
    "28": 57.773,
    "29": 61.19433333333333,
    "30": 61.092666666666666,
    "31": 63.52333333333333,
    "32": 63.291333333333334,
    "33": 66.90033333333334,
    "34": 68.75666666666666,
    "35": 71.18966666666667,
    "36": 72.165,
    "37": 72.91933333333333,
    "38": 74.77966666666667,
    "39": 74.08666666666667,
    "40": 77.38466666666666,
    "41": 77.84333333333333,
    "42": 83.63766666666666,
    "43": 83.56533333333333,
    "44": 84.92766666666667,
    "45": 86.56633333333333,
    "46": 90.11,
    "47": 90.66533333333334,
    "48": 94.868,
    "49": 97.71866666666666,
    "50": 97.359,
    "51": 97.565,
    "52": 101.14133333333334,
    "53": 105.39966666666666,
    "54": 106.68333333333334,
    "55": 108.57333333333334,
    "56": 109.13633333333334,
    "57": 111.93033333333334,
    "58": 114.11733333333333,
    "59": 118.38133333333333,
    "60": 121.032,
    "61": 123.30133333333333,
    "62": 124.25,
    "63": 127.71933333333334,
    "64": 130.73833333333334,
    "65": 133.67666666666668,
    "66": 137.797,
    "67": 142.365,
    "68": 144.47466666666668,
    "69": 149.942,
    "70": 153.73266666666666,
    "71": 156.85333333333332,
    "72": 161.738,
    "73": 165.60066666666665,
    "74": 168.89833333333334,
    "75": 172.82466666666667
}