{
    "0": 51.556333333333335,
    "1": 43.53633333333333,
    "2": 39.54633333333334,
    "3": 36.24633333333333,
    "4": 34.595666666666666,
    "5": 34.245333333333335,
    "6": 36.05466666666667,
    "7": 39.96933333333333,
    "8": 41.586,
    "9": 42.23,
    "10": 42.497,
    "11": 45.827666666666666,
    "12": 48.16833333333334,
    "13": 51.297,
    "14": 53.739333333333335,
    "15": 56.182,
    "16": 55.13633333333333,
    "17": 56.827666666666666,
    "18": 54.477666666666664,
    "19": 55.983333333333334,
    "20": 57.934666666666665,
    "21": 58.968,
    "22": 61.656333333333336,
    "23": 62.644333333333336,
    "24": 64.87133333333334,
    "25": 66.21466666666667,
    "26": 65.70833333333333,
    "27": 66.52566666666667,
    "28": 67.16333333333333,
    "29": 68.053,
    "30": 66.79766666666667,
    "31": 66.85366666666667,
    "32": 68.819,
    "33": 70.038,
    "34": 70.57866666666666,
    "35": 70.498,
    "36": 72.52566666666667,
    "37": 73.229,
    "38": 75.01833333333333,
    "39": 75.303,
    "40": 77.92266666666667,
    "41": 77.952,
    "42": 78.142,
    "43": 80.95766666666667,
    "44": 82.35033333333334,
    "45": 83.35766666666666,
    "46": 87.023,
    "47": 88.68566666666666,
    "48": 89.439,
    "49": 89.90866666666666,
    "50": 92.59533333333333,
    "51": 93.03466666666667,
    "52": 93.553,
    "53": 92.501,
    "54": 94.33433333333333,
    "55": 96.14033333333333,
    "56": 96.20066666666666,
    "57": 100.79766666666667,
    "58": 104.93266666666666,
    "59": 107.84433333333334,
    "60": 109.778,
    "61": 110.318,
    "62": 109.431,
    "63": 110.984,
    "64": 114.21433333333333,
    "65": 118.986,
    "66": 119.078,
    "67": 119.57566666666666,
    "68": 120.75933333333333,
    "69": 122.58066666666667,
    "70": 123.11966666666666,
    "71": 128.01766666666666,
    "72": 128.81533333333334,
    "73": 129.04066666666668,
    "74": 134.66,
    "75": 137.14866666666666
}