{
    "0": 51.278,
    "1": 45.747,
    "2": 41.202666666666666,
    "3": 40.86233333333333,
    "4": 41.135333333333335,
    "5": 39.334666666666664,
    "6": 40.18366666666667,
    "7": 42.50333333333333,
    "8": 41.06933333333333,
    "9": 41.550666666666665,
    "10": 45.781333333333336,
    "11": 46.03933333333333,
    "12": 49.99,
    "13": 47.788666666666664,
    "14": 47.13433333333333,
    "15": 46.788,
    "16": 43.77166666666667,
    "17": 46.577666666666666,
    "18": 48.20433333333333,
    "19": 47.41133333333333,
    "20": 50.56,
    "21": 53.76433333333333,
    "22": 55.498,
    "23": 56.384,
    "24": 58.730333333333334,
    "25": 61.568333333333335,
    "26": 64.45533333333333,
    "27": 65.05766666666666,
    "28": 63.35433333333334,
    "29": 63.34133333333333,
    "30": 68.07233333333333,
    "31": 70.06366666666666,
    "32": 71.579,
    "33": 73.14933333333333,
    "34": 72.51333333333334,
    "35": 71.43733333333333,
    "36": 74.03266666666667,
    "37": 77.42,
    "38": 78.905,
    "39": 80.116,
    "40": 83.99466666666666,
    "41": 84.81333333333333,
    "42": 87.01533333333333,
    "43": 88.966,
    "44": 93.244,
    "45": 97.81533333333333,
    "46": 100.83966666666667,
    "47": 103.662,
    "48": 106.97833333333334,
    "49": 110.77666666666667,
    "50": 113.383,
    "51": 114.27,
    "52": 114.40766666666667,
    "53": 120.68366666666667,
    "54": 125.14433333333334,
    "55": 127.73633333333333,
    "56": 132.118,
    "57": 135.825,
    "58": 138.48466666666667,
    "59": 142.50866666666667,
    "60": 142.64766666666668,
    "61": 146.47333333333333,
    "62": 146.898,
    "63": 150.16966666666667,
    "64": 156.89633333333333,
    "65": 159.46066666666667,
    "66": 162.05866666666665,
    "67": 166.094,
    "68": 168.951,
    "69": 172.67533333333333,
    "70": 174.88533333333334,
    "71": 176.563,
    "72": 178.75466666666668,
    "73": 180.372,
    "74": 182.18,
    "75": 183.626
}