{
    "0": -80.62266666666666,
    "1": -63.03,
    "2": -53.394,
    "3": -42.994,
    "4": -28.158,
    "5": -14.802666666666667,
    "6": -3.6046666666666667,
    "7": 5.117333333333334,
    "8": 10.722666666666667,
    "9": 18.819333333333333,
    "10": 25.792666666666666,
    "11": 30.006666666666668,
    "12": 38.458666666666666,
    "13": 43.65133333333333,
    "14": 45.92133333333334,
    "15": 47.482,
    "16": 52.592666666666666,
    "17": 55.98466666666667,
    "18": 60.282,
    "19": 66.168,
    "20": 69.03066666666666,
    "21": 72.16666666666667,
    "22": 76.10866666666666,
    "23": 80.994,
    "24": 78.908,
    "25": 83.28066666666666,
    "26": 86.72,
    "27": 95.57066666666667,
    "28": 97.19266666666667,
    "29": 99.32866666666666,
    "30": 101.01466666666667,
    "31": 107.19,
    "32": 107.96733333333333,
    "33": 111.92466666666667,
    "34": 115.07133333333333,
    "35": 122.07933333333334,
    "36": 124.46466666666667,
    "37": 124.22533333333334,
    "38": 126.284,
    "39": 127.76733333333334,
    "40": 131.248,
    "41": 132.80533333333332,
    "42": 132.86933333333334,
    "43": 136.61733333333333,
    "44": 138.84466666666665,
    "45": 137.72133333333332,
    "46": 137.85133333333334,
    "47": 140.17666666666668,
    "48": 141.22933333333333,
    "49": 139.548,
    "50": 139.97266666666667
}