{
    "0": -79.41866666666667,
    "1": -58.42933333333333,
    "2": -41.314,
    "3": -30.093333333333334,
    "4": -18.052666666666667,
    "5": -4.136,
    "6": 6.112,
    "7": 15.09,
    "8": 20.750666666666667,
    "9": 28.404,
    "10": 33.486666666666665,
    "11": 37.37133333333333,
    "12": 39.91733333333333,
    "13": 40.778666666666666,
    "14": 47.870666666666665,
    "15": 50.38066666666667,
    "16": 53.77733333333333,
    "17": 58.528,
    "18": 64.03,
    "19": 69.76266666666666,
    "20": 72.56466666666667,
    "21": 75.634,
    "22": 80.492,
    "23": 82.12266666666666,
    "24": 84.328,
    "25": 84.616,
    "26": 86.14733333333334,
    "27": 90.82,
    "28": 91.744,
    "29": 93.47666666666667,
    "30": 95.23533333333333,
    "31": 96.192,
    "32": 99.886,
    "33": 103.59466666666667,
    "34": 107.00666666666666,
    "35": 109.438,
    "36": 113.51866666666666,
    "37": 114.21733333333333,
    "38": 116.814,
    "39": 118.70266666666667,
    "40": 124.22466666666666,
    "41": 128.33733333333333,
    "42": 131.288,
    "43": 133.33866666666665,
    "44": 135.06266666666667,
    "45": 140.658,
    "46": 142.71066666666667,
    "47": 145.358,
    "48": 148.16866666666667,
    "49": 152.64933333333335,
    "50": 154.16533333333334
}