{
    "0": -78.222,
    "1": -59.24333333333333,
    "2": -43.072,
    "3": -33.181333333333335,
    "4": -17.078666666666667,
    "5": -3.7253333333333334,
    "6": 7.549333333333333,
    "7": 15.165333333333333,
    "8": 20.018666666666668,
    "9": 25.934666666666665,
    "10": 24.764,
    "11": 30.116,
    "12": 30.017333333333333,
    "13": 40.10933333333333,
    "14": 46.928666666666665,
    "15": 51.634,
    "16": 56.494,
    "17": 59.568666666666665,
    "18": 65.16466666666666,
    "19": 69.19066666666667,
    "20": 74.93733333333333,
    "21": 76.20333333333333,
    "22": 79.648,
    "23": 84.73066666666666,
    "24": 89.26933333333334,
    "25": 95.272,
    "26": 97.398,
    "27": 100.402,
    "28": 103.57266666666666,
    "29": 106.12333333333333,
    "30": 108.85133333333333,
    "31": 107.56933333333333,
    "32": 110.37266666666666,
    "33": 113.24733333333333,
    "34": 113.054,
    "35": 112.482,
    "36": 110.66866666666667,
    "37": 110.65,
    "38": 112.38133333333333,
    "39": 111.952,
    "40": 117.59,
    "41": 121.65733333333333,
    "42": 126.796,
    "43": 133.114,
    "44": 136.11333333333334,
    "45": 142.86333333333334,
    "46": 143.04333333333332,
    "47": 146.53,
    "48": 147.84,
    "49": 150.26533333333333,
    "50": 153.76
}