{
    "0": -75.56133333333334,
    "1": -59.815333333333335,
    "2": -42.904666666666664,
    "3": -27.726,
    "4": -16.986666666666668,
    "5": -11.076666666666666,
    "6": 0.3466666666666667,
    "7": 12.590666666666667,
    "8": 27.978666666666665,
    "9": 39.55733333333333,
    "10": 44.32866666666666,
    "11": 55.882666666666665,
    "12": 74.176,
    "13": 82.01533333333333,
    "14": 95.55533333333334,
    "15": 106.53066666666666,
    "16": 120.51333333333334,
    "17": 130.256,
    "18": 137.32933333333332,
    "19": 138.138,
    "20": 143.35666666666665,
    "21": 152.834,
    "22": 157.448,
    "23": 161.096,
    "24": 163.45,
    "25": 166.158,
    "26": 165.51533333333333,
    "27": 167.03866666666667,
    "28": 167.82733333333334,
    "29": 169.15866666666668,
    "30": 170.212,
    "31": 171.51666666666668,
    "32": 170.79133333333334,
    "33": 173.06466666666665,
    "34": 172.23533333333333,
    "35": 174.648,
    "36": 175.60266666666666,
    "37": 175.142,
    "38": 174.72666666666666,
    "39": 175.46,
    "40": 175.26866666666666,
    "41": 177.90133333333333,
    "42": 177.85933333333332,
    "43": 178.48933333333332,
    "44": 178.58266666666665,
    "45": 176.84666666666666,
    "46": 177.05133333333333,
    "47": 178.30466666666666,
    "48": 176.43733333333333,
    "49": 175.94,
    "50": 176.51066666666668
}