{
    "0": -79.514,
    "1": -65.18266666666666,
    "2": -48.123333333333335,
    "3": -29.478,
    "4": -12.551333333333334,
    "5": 0.776,
    "6": 4.41,
    "7": 8.79,
    "8": 12.299333333333333,
    "9": 23.042,
    "10": 26.762,
    "11": 31.499333333333333,
    "12": 33.04,
    "13": 34.782666666666664,
    "14": 39.778,
    "15": 44.13466666666667,
    "16": 50.02333333333333,
    "17": 56.546,
    "18": 62.79533333333333,
    "19": 67.53533333333333,
    "20": 73.23466666666667,
    "21": 82.388,
    "22": 92.19,
    "23": 95.80666666666667,
    "24": 98.25866666666667,
    "25": 104.82266666666666,
    "26": 109.72133333333333,
    "27": 119.35466666666666,
    "28": 123.294,
    "29": 127.59866666666667,
    "30": 130.60333333333332,
    "31": 130.03066666666666,
    "32": 132.418,
    "33": 133.07733333333334,
    "34": 135.13866666666667,
    "35": 136.448,
    "36": 137.374,
    "37": 141.22733333333332,
    "38": 144.90533333333335,
    "39": 148.066,
    "40": 148.102,
    "41": 149.71333333333334,
    "42": 150.55933333333334,
    "43": 152.46133333333333,
    "44": 154.226,
    "45": 157.52466666666666,
    "46": 159.79,
    "47": 161.678,
    "48": 162.64133333333334,
    "49": 163.63266666666667,
    "50": 163.14733333333334
}