{
    "0": -81.04533333333333,
    "1": -63.214,
    "2": -47.593333333333334,
    "3": -31.633333333333333,
    "4": -24.895333333333333,
    "5": -16.386666666666667,
    "6": -9.715333333333334,
    "7": -1.8086666666666666,
    "8": 12.999333333333333,
    "9": 18.683333333333334,
    "10": 26.179333333333332,
    "11": 32.658,
    "12": 36.885333333333335,
    "13": 43.45066666666666,
    "14": 46.486,
    "15": 52.562666666666665,
    "16": 55.60666666666667,
    "17": 61.98466666666667,
    "18": 66.92,
    "19": 71.25866666666667,
    "20": 75.552,
    "21": 78.96333333333334,
    "22": 81.796,
    "23": 85.972,
    "24": 89.62933333333334,
    "25": 99.10733333333333,
    "26": 104.734,
    "27": 112.45333333333333,
    "28": 116.03,
    "29": 121.426,
    "30": 122.81866666666667,
    "31": 127.72866666666667,
    "32": 134.63,
    "33": 138.972,
    "34": 143.11466666666666,
    "35": 147.52666666666667,
    "36": 152.81533333333334,
    "37": 157.02133333333333,
    "38": 162.35733333333334,
    "39": 165.49466666666666,
    "40": 165.97933333333333,
    "41": 169.27133333333333,
    "42": 168.47133333333332,
    "43": 171.19933333333333,
    "44": 174.95666666666668,
    "45": 175.16133333333335,
    "46": 174.37733333333333,
    "47": 175.086,
    "48": 173.68666666666667,
    "49": 176.638,
    "50": 177.608
}