{
    "0": -85.45466666666667,
    "1": -66.19333333333333,
    "2": -49.147333333333336,
    "3": -37.366,
    "4": -22.726666666666667,
    "5": -12.54,
    "6": -0.22933333333333333,
    "7": 10.684,
    "8": 18.703333333333333,
    "9": 25.968666666666667,
    "10": 32.11933333333333,
    "11": 40.071333333333335,
    "12": 45.544666666666664,
    "13": 50.802,
    "14": 58.054,
    "15": 64.25,
    "16": 70.58266666666667,
    "17": 78.69466666666666,
    "18": 86.99666666666667,
    "19": 94.70733333333334,
    "20": 101.086,
    "21": 107.88333333333334,
    "22": 118.054,
    "23": 126.94066666666667,
    "24": 135.55266666666665,
    "25": 143.69066666666666,
    "26": 152.18933333333334,
    "27": 162.284,
    "28": 166.83066666666667,
    "29": 172.298,
    "30": 177.07333333333332,
    "31": 180.546,
    "32": 182.306,
    "33": 186.28066666666666,
    "34": 188.70266666666666,
    "35": 189.298,
    "36": 192.64866666666666,
    "37": 193.74466666666666,
    "38": 193.98533333333333,
    "39": 193.76933333333332,
    "40": 193.25733333333332,
    "41": 192.95933333333332,
    "42": 194.52466666666666,
    "43": 197.17133333333334,
    "44": 198.316,
    "45": 197.79333333333332,
    "46": 198.19133333333335,
    "47": 196.862,
    "48": 195.932,
    "49": 193.968,
    "50": 193.79
}