{
    "0": -77.952,
    "1": -64.35333333333334,
    "2": -50.998666666666665,
    "3": -32.43,
    "4": -16.136,
    "5": -4.767333333333333,
    "6": 3.6213333333333333,
    "7": 16.215333333333334,
    "8": 30.162,
    "9": 36.715333333333334,
    "10": 50.162,
    "11": 61.403333333333336,
    "12": 71.07933333333334,
    "13": 87.192,
    "14": 96.05933333333333,
    "15": 110.04533333333333,
    "16": 124.56266666666667,
    "17": 135.538,
    "18": 142.426,
    "19": 155.696,
    "20": 162.07466666666667,
    "21": 167.33666666666667,
    "22": 170.49533333333332,
    "23": 173.37333333333333,
    "24": 177.84133333333332,
    "25": 181.02066666666667,
    "26": 180.88266666666667,
    "27": 183.61,
    "28": 183.71533333333332,
    "29": 184.27866666666668,
    "30": 187.61266666666666,
    "31": 186.52466666666666,
    "32": 188.446,
    "33": 188.23466666666667,
    "34": 188.08866666666665,
    "35": 185.96933333333334,
    "36": 185.74333333333334,
    "37": 184.88733333333334,
    "38": 185.19666666666666,
    "39": 185.16466666666668,
    "40": 184.29666666666665,
    "41": 184.60533333333333,
    "42": 184.16266666666667,
    "43": 185.22133333333332,
    "44": 186.67733333333334,
    "45": 186.19933333333333,
    "46": 187.18,
    "47": 187.704,
    "48": 188.35733333333334,
    "49": 188.05466666666666,
    "50": 187.87666666666667
}