{
    "0": -88.922,
    "1": -71.74666666666667,
    "2": -57.588,
    "3": -45.693333333333335,
    "4": -33.82666666666667,
    "5": -25.488666666666667,
    "6": -10.975333333333333,
    "7": -7.056,
    "8": -0.7453333333333333,
    "9": 12.203333333333333,
    "10": 18.694,
    "11": 23.07,
    "12": 28.586,
    "13": 33.18,
    "14": 38.02733333333333,
    "15": 42.74333333333333,
    "16": 48.102666666666664,
    "17": 49.513333333333335,
    "18": 49.95133333333333,
    "19": 50.56333333333333,
    "20": 52.455333333333336,
    "21": 49.287333333333336,
    "22": 56.268,
    "23": 62.26266666666667,
    "24": 67.218,
    "25": 69.57266666666666,
    "26": 73.694,
    "27": 75.64,
    "28": 74.91666666666667,
    "29": 75.69733333333333,
    "30": 82.682,
    "31": 84.364,
    "32": 87.04333333333334,
    "33": 87.558,
    "34": 88.71,
    "35": 89.62,
    "36": 91.90666666666667,
    "37": 94.71533333333333,
    "38": 97.12866666666666,
    "39": 102.03466666666667,
    "40": 105.462,
    "41": 110.15333333333334,
    "42": 114.76466666666667,
    "43": 117.53533333333333,
    "44": 119.54,
    "45": 120.75266666666667,
    "46": 123.57333333333334,
    "47": 124.06533333333333,
    "48": 126.888,
    "49": 129.64933333333335,
    "50": 130.484
}