{
    "0": -83.99666666666667,
    "1": -64.58533333333334,
    "2": -45.44,
    "3": -30.101333333333333,
    "4": -20.049333333333333,
    "5": -9.979333333333333,
    "6": 6.894,
    "7": 18.709333333333333,
    "8": 26.396,
    "9": 31.553333333333335,
    "10": 37.35733333333334,
    "11": 42.748,
    "12": 45.888666666666666,
    "13": 55.80533333333333,
    "14": 67.71266666666666,
    "15": 75.76066666666667,
    "16": 83.87133333333334,
    "17": 95.36466666666666,
    "18": 102.20466666666667,
    "19": 109.45866666666667,
    "20": 113.57266666666666,
    "21": 119.966,
    "22": 123.18666666666667,
    "23": 129.414,
    "24": 133.97466666666668,
    "25": 137.41333333333333,
    "26": 142.60866666666666,
    "27": 145.074,
    "28": 147.32066666666665,
    "29": 150.998,
    "30": 152.636,
    "31": 155.69666666666666,
    "32": 158.786,
    "33": 160.214,
    "34": 159.77333333333334,
    "35": 160.128,
    "36": 162.33266666666665,
    "37": 163.53733333333332,
    "38": 165.648,
    "39": 166.13866666666667,
    "40": 167.928,
    "41": 170.756,
    "42": 171.65866666666668,
    "43": 172.74133333333333,
    "44": 172.68466666666666,
    "45": 175.494,
    "46": 176.344,
    "47": 177.032,
    "48": 177.336,
    "49": 177.51066666666668,
    "50": 177.92933333333335
}