{
    "0": -82.024,
    "1": -63.897333333333336,
    "2": -54.86533333333333,
    "3": -41.68533333333333,
    "4": -28.536666666666665,
    "5": -21.112,
    "6": -9.537333333333333,
    "7": 2.384,
    "8": 13.434,
    "9": 19.714666666666666,
    "10": 26.879333333333335,
    "11": 26.949333333333332,
    "12": 29.155333333333335,
    "13": 30.593333333333334,
    "14": 37.306666666666665,
    "15": 39.29066666666667,
    "16": 45.75666666666667,
    "17": 48.635333333333335,
    "18": 52.102666666666664,
    "19": 57.970666666666666,
    "20": 63.001333333333335,
    "21": 62.222,
    "22": 65.39466666666667,
    "23": 69.57666666666667,
    "24": 74.266,
    "25": 84.54733333333333,
    "26": 86.5,
    "27": 88.42133333333334,
    "28": 90.77466666666666,
    "29": 96.998,
    "30": 99.156,
    "31": 104.24066666666667,
    "32": 107.23933333333333,
    "33": 105.49666666666667,
    "34": 106.204,
    "35": 108.84133333333334,
    "36": 112.01866666666666,
    "37": 117.49933333333334,
    "38": 122.68866666666666,
    "39": 126.43933333333334,
    "40": 130.292,
    "41": 132.40933333333334,
    "42": 135.83333333333334,
    "43": 143.69466666666668,
    "44": 148.662,
    "45": 153.052,
    "46": 156.938,
    "47": 158.88533333333334,
    "48": 163.71,
    "49": 167.73666666666668,
    "50": 170.66933333333333
}