{
    "0": -84.558,
    "1": -68.51866666666666,
    "2": -49.49466666666667,
    "3": -33.08133333333333,
    "4": -16.737333333333332,
    "5": -5.115333333333333,
    "6": 4.501333333333333,
    "7": 20.028,
    "8": 31.908,
    "9": 44.897333333333336,
    "10": 54.75333333333333,
    "11": 68.03466666666667,
    "12": 82.274,
    "13": 95.762,
    "14": 106.95066666666666,
    "15": 114.84933333333333,
    "16": 126.01133333333334,
    "17": 135.70066666666668,
    "18": 146.038,
    "19": 151.234,
    "20": 156.80066666666667,
    "21": 160.924,
    "22": 165.45533333333333,
    "23": 169.61866666666666,
    "24": 170.68,
    "25": 168.31266666666667,
    "26": 167.74266666666668,
    "27": 167.96266666666668,
    "28": 169.426,
    "29": 168.58533333333332,
    "30": 168.91266666666667,
    "31": 169.852,
    "32": 171.34533333333334,
    "33": 171.676,
    "34": 170.24333333333334,
    "35": 172.212,
    "36": 171.40733333333333,
    "37": 171.612,
    "38": 169.50533333333334,
    "39": 171.31933333333333,
    "40": 173.15933333333334,
    "41": 172.66,
    "42": 173.878,
    "43": 174.06,
    "44": 173.88666666666666,
    "45": 175.34533333333334,
    "46": 175.686,
    "47": 174.31533333333334,
    "48": 174.31266666666667,
    "49": 174.202,
    "50": 175.32133333333334
}