{
    "0": -80.408,
    "1": -55.07533333333333,
    "2": -37.52733333333333,
    "3": -26.46,
    "4": -13.807333333333334,
    "5": -4.396,
    "6": 5.113333333333333,
    "7": 8.37,
    "8": 20.907333333333334,
    "9": 31.866,
    "10": 36.836,
    "11": 48.02733333333333,
    "12": 56.89933333333333,
    "13": 61.372,
    "14": 66.51666666666667,
    "15": 76.69666666666667,
    "16": 90.47466666666666,
    "17": 100.43,
    "18": 105.992,
    "19": 115.1,
    "20": 119.92066666666666,
    "21": 129.11466666666666,
    "22": 139.726,
    "23": 147.08733333333333,
    "24": 150.99133333333333,
    "25": 154.618,
    "26": 152.87666666666667,
    "27": 155.23,
    "28": 159.49866666666668,
    "29": 164.20266666666666,
    "30": 166.42733333333334,
    "31": 168.83066666666667,
    "32": 171.284,
    "33": 172.94733333333335,
    "34": 171.83133333333333,
    "35": 171.82866666666666,
    "36": 173.50266666666667,
    "37": 173.12266666666667,
    "38": 175.032,
    "39": 172.90466666666666,
    "40": 175.58333333333334,
    "41": 176.08466666666666,
    "42": 176.02066666666667,
    "43": 176.73733333333334,
    "44": 178.452,
    "45": 180.43866666666668,
    "46": 179.22066666666666,
    "47": 180.68333333333334,
    "48": 179.64533333333333,
    "49": 179.98666666666668,
    "50": 181.464
}