{
    "0": -71.98333333333333,
    "1": -50.784666666666666,
    "2": -29.668,
    "3": -17.336,
    "4": -1.7026666666666668,
    "5": 12.828,
    "6": 23.226,
    "7": 32.27066666666666,
    "8": 41.814,
    "9": 50.646,
    "10": 55.654,
    "11": 61.03666666666667,
    "12": 72.55533333333334,
    "13": 82.11466666666666,
    "14": 93.22666666666667,
    "15": 99.64266666666667,
    "16": 109.634,
    "17": 118.226,
    "18": 120.60266666666666,
    "19": 126.72666666666667,
    "20": 133.57333333333332,
    "21": 138.32066666666665,
    "22": 142.00266666666667,
    "23": 147.32133333333334,
    "24": 151.452,
    "25": 155.59333333333333,
    "26": 158.64266666666666,
    "27": 161.19666666666666,
    "28": 162.59666666666666,
    "29": 164.70866666666666,
    "30": 166.032,
    "31": 166.074,
    "32": 167.50933333333333,
    "33": 170.13933333333333,
    "34": 169.48466666666667,
    "35": 171.666,
    "36": 170.19266666666667,
    "37": 172.08666666666667,
    "38": 172.174,
    "39": 172.11133333333333,
    "40": 171.62266666666667,
    "41": 170.598,
    "42": 170.292,
    "43": 167.63066666666666,
    "44": 170.80933333333334,
    "45": 172.36266666666666,
    "46": 172.532,
    "47": 173.61,
    "48": 173.22866666666667,
    "49": 171.334,
    "50": 172.55066666666667
}