{
    "0": -35.079,
    "1": -27.135666666666665,
    "2": -19.860666666666667,
    "3": -12.803333333333333,
    "4": -2.477333333333333,
    "5": 0.43433333333333335,
    "6": 5.0456666666666665,
    "7": 9.840333333333334,
    "8": 15.994,
    "9": 19.282,
    "10": 23.737666666666666,
    "11": 25.639,
    "12": 27.854333333333333,
    "13": 30.312666666666665,
    "14": 33.796,
    "15": 35.870333333333335,
    "16": 38.684,
    "17": 41.470333333333336,
    "18": 43.529,
    "19": 47.400333333333336,
    "20": 49.07833333333333,
    "21": 51.18266666666667,
    "22": 51.647333333333336,
    "23": 52.20633333333333,
    "24": 53.338,
    "25": 53.587,
    "26": 54.35,
    "27": 57.38366666666667,
    "28": 59.82966666666667,
    "29": 59.70066666666666,
    "30": 61.896,
    "31": 61.385,
    "32": 62.76833333333333,
    "33": 64.88766666666666,
    "34": 67.19766666666666,
    "35": 70.811,
    "36": 73.10466666666666,
    "37": 77.554,
    "38": 80.65666666666667,
    "39": 82.25433333333334,
    "40": 86.155,
    "41": 88.45266666666667,
    "42": 91.18266666666666,
    "43": 93.825,
    "44": 96.48566666666666,
    "45": 96.665,
    "46": 99.382,
    "47": 102.06133333333334,
    "48": 103.96433333333333,
    "49": 106.535,
    "50": 107.684,
    "51": 109.82433333333333,
    "52": 111.52533333333334,
    "53": 113.911,
    "54": 116.73333333333333,
    "55": 117.55133333333333,
    "56": 118.375,
    "57": 119.66733333333333,
    "58": 120.298,
    "59": 121.706,
    "60": 122.191,
    "61": 123.67366666666666,
    "62": 124.339,
    "63": 124.49666666666667,
    "64": 125.37933333333334,
    "65": 125.39966666666666,
    "66": 126.405,
    "67": 127.86033333333333,
    "68": 128.106,
    "69": 127.33,
    "70": 127.421,
    "71": 128.927,
    "72": 129.452,
    "73": 130.02833333333334,
    "74": 130.34933333333333,
    "75": 130.783
}