{
    "0": -84.31066666666666,
    "1": -67.95566666666667,
    "2": -55.63,
    "3": -44.413666666666664,
    "4": -32.93366666666667,
    "5": -21.709333333333333,
    "6": -11.751333333333333,
    "7": -5.774666666666667,
    "8": -2.5886666666666667,
    "9": 8.675333333333333,
    "10": 10.839333333333334,
    "11": 14.416,
    "12": 20.331,
    "13": 27.211666666666666,
    "14": 29.782666666666668,
    "15": 34.141,
    "16": 34.818333333333335,
    "17": 34.159,
    "18": 34.99166666666667,
    "19": 37.45633333333333,
    "20": 43.13066666666667,
    "21": 42.70333333333333,
    "22": 44.25633333333333,
    "23": 46.73466666666667,
    "24": 49.14633333333333,
    "25": 51.23866666666667,
    "26": 54.27333333333333,
    "27": 56.26133333333333,
    "28": 57.657333333333334,
    "29": 59.25866666666667,
    "30": 58.832,
    "31": 60.791333333333334,
    "32": 65.55,
    "33": 70.22566666666667,
    "34": 69.313,
    "35": 71.60366666666667,
    "36": 72.19633333333333,
    "37": 71.894,
    "38": 76.789,
    "39": 79.279,
    "40": 82.352,
    "41": 82.406,
    "42": 84.20466666666667,
    "43": 88.14,
    "44": 91.72333333333333,
    "45": 93.68,
    "46": 96.38833333333334,
    "47": 98.43733333333333,
    "48": 103.53933333333333,
    "49": 107.41866666666667,
    "50": 111.89133333333334,
    "51": 115.05433333333333,
    "52": 115.40633333333334,
    "53": 117.55566666666667,
    "54": 119.197,
    "55": 121.987,
    "56": 124.802,
    "57": 125.107,
    "58": 128.09033333333332,
    "59": 129.08833333333334,
    "60": 132.38166666666666,
    "61": 135.42233333333334,
    "62": 137.59233333333333,
    "63": 141.23666666666668,
    "64": 142.766,
    "65": 144.66,
    "66": 145.36633333333333,
    "67": 148.411,
    "68": 150.323,
    "69": 151.365,
    "70": 151.764,
    "71": 154.36366666666666,
    "72": 155.98733333333334,
    "73": 155.94933333333333,
    "74": 157.741,
    "75": 159.045
}