{
    "0": -52.624,
    "1": -38.727,
    "2": -26.620666666666665,
    "3": -11.378,
    "4": -5.185,
    "5": 2.669,
    "6": 13.126666666666667,
    "7": 17.807333333333332,
    "8": 21.745333333333335,
    "9": 26.44,
    "10": 29.954333333333334,
    "11": 32.81166666666667,
    "12": 33.775666666666666,
    "13": 33.39533333333333,
    "14": 36.065,
    "15": 39.245666666666665,
    "16": 44.48533333333334,
    "17": 44.639,
    "18": 42.227666666666664,
    "19": 45.742,
    "20": 46.772,
    "21": 50.132333333333335,
    "22": 48.715333333333334,
    "23": 50.79666666666667,
    "24": 52.474333333333334,
    "25": 54.476333333333336,
    "26": 59.480333333333334,
    "27": 62.80733333333333,
    "28": 64.465,
    "29": 67.39133333333334,
    "30": 69.29133333333333,
    "31": 70.519,
    "32": 73.89866666666667,
    "33": 74.23666666666666,
    "34": 79.42733333333334,
    "35": 82.692,
    "36": 83.27933333333333,
    "37": 87.083,
    "38": 87.80566666666667,
    "39": 90.80166666666666,
    "40": 90.91566666666667,
    "41": 93.25033333333333,
    "42": 95.574,
    "43": 97.15966666666667,
    "44": 99.29966666666667,
    "45": 104.747,
    "46": 107.79533333333333,
    "47": 109.66766666666666,
    "48": 110.85133333333333,
    "49": 115.71266666666666,
    "50": 122.13166666666666,
    "51": 125.363,
    "52": 130.87033333333332,
    "53": 134.14166666666668,
    "54": 134.74633333333333,
    "55": 138.14133333333334,
    "56": 140.76533333333333,
    "57": 141.33366666666666,
    "58": 142.424,
    "59": 142.74766666666667,
    "60": 144.59266666666667,
    "61": 146.219,
    "62": 148.50466666666668,
    "63": 150.727,
    "64": 152.44766666666666,
    "65": 153.22366666666667,
    "66": 154.563,
    "67": 157.22166666666666,
    "68": 158.856,
    "69": 159.84533333333334,
    "70": 162.046,
    "71": 163.69233333333332,
    "72": 165.277,
    "73": 165.49633333333333,
    "74": 165.89133333333334,
    "75": 166.01633333333334
}