{
    "0": -218.72033333333334,
    "1": -195.79433333333333,
    "2": -172.315,
    "3": -152.09266666666667,
    "4": -134.14133333333334,
    "5": -123.371,
    "6": -112.05666666666667,
    "7": -102.635,
    "8": -86.61633333333333,
    "9": -78.65533333333333,
    "10": -67.47366666666667,
    "11": -58.038333333333334,
    "12": -51.97266666666667,
    "13": -47.025,
    "14": -42.22966666666667,
    "15": -37.884,
    "16": -31.761,
    "17": -27.475,
    "18": -25.150333333333332,
    "19": -23.024333333333335,
    "20": -21.353666666666665,
    "21": -20.606666666666666,
    "22": -18.078666666666667,
    "23": -16.718333333333334,
    "24": -15.145666666666667,
    "25": -11.749,
    "26": -9.931333333333333,
    "27": -7.741666666666666,
    "28": -8.453,
    "29": -8.429,
    "30": -9.133666666666667,
    "31": -7.6626666666666665,
    "32": -5.391666666666667,
    "33": -4.014,
    "34": -2.8303333333333334,
    "35": -4.725333333333333,
    "36": -5.125,
    "37": -3.998,
    "38": -2.9713333333333334,
    "39": -1.4603333333333333,
    "40": -0.776,
    "41": 1.2656666666666667,
    "42": 3.86,
    "43": 3.126,
    "44": 5.312333333333333,
    "45": 4.496,
    "46": 2.1513333333333335,
    "47": 1.1783333333333332,
    "48": 2.6786666666666665,
    "49": 1.362,
    "50": 2.5083333333333333,
    "51": 3.54,
    "52": 4.849333333333333,
    "53": 3.932,
    "54": 5.981,
    "55": 7.231333333333334,
    "56": 7.923666666666667,
    "57": 7.721,
    "58": 7.009,
    "59": 7.893666666666666,
    "60": 6.832,
    "61": 6.957666666666666,
    "62": 5.870666666666667,
    "63": 7.446666666666666,
    "64": 8.629,
    "65": 8.226666666666667,
    "66": 8.633333333333333,
    "67": 10.324666666666667,
    "68": 12.246666666666666,
    "69": 13.107666666666667,
    "70": 13.814666666666668,
    "71": 11.994666666666667,
    "72": 12.535,
    "73": 11.548,
    "74": 10.931,
    "75": 12.587
}