{
    "0": -126.04766666666667,
    "1": -113.57366666666667,
    "2": -101.08233333333334,
    "3": -92.84966666666666,
    "4": -84.54833333333333,
    "5": -76.65066666666667,
    "6": -68.462,
    "7": -63.236333333333334,
    "8": -58.108,
    "9": -52.574333333333335,
    "10": -45.376,
    "11": -40.788666666666664,
    "12": -34.377,
    "13": -32.70733333333333,
    "14": -29.682666666666666,
    "15": -26.037333333333333,
    "16": -21.644666666666666,
    "17": -18.35,
    "18": -14.812333333333333,
    "19": -14.491333333333333,
    "20": -14.238666666666667,
    "21": -10.873,
    "22": -7.9543333333333335,
    "23": -6.784666666666666,
    "24": -5.521,
    "25": -5.411,
    "26": -3.868,
    "27": -1.387,
    "28": -1.679,
    "29": -0.008333333333333333,
    "30": 0.21333333333333335,
    "31": 1.786,
    "32": 2.2106666666666666,
    "33": 2.646333333333333,
    "34": 3.849666666666667,
    "35": 4.645333333333333,
    "36": 4.617,
    "37": 4.751,
    "38": 5.027666666666667,
    "39": 6.304666666666667,
    "40": 7.554666666666667,
    "41": 7.587,
    "42": 7.597666666666667,
    "43": 9.093333333333334,
    "44": 9.534,
    "45": 11.035333333333334,
    "46": 12.269666666666666,
    "47": 12.719666666666667,
    "48": 12.640333333333333,
    "49": 12.842333333333332,
    "50": 13.744666666666667,
    "51": 13.948666666666666,
    "52": 15.295666666666667,
    "53": 15.825333333333333,
    "54": 15.843666666666667,
    "55": 16.814333333333334,
    "56": 16.177666666666667,
    "57": 16.77,
    "58": 16.063,
    "59": 16.263666666666666,
    "60": 17.846333333333334,
    "61": 18.929,
    "62": 19.749,
    "63": 19.832333333333334,
    "64": 19.047,
    "65": 19.853666666666665,
    "66": 19.541,
    "67": 20.449,
    "68": 21.392,
    "69": 23.651666666666667,
    "70": 24.23,
    "71": 25.381,
    "72": 25.322,
    "73": 26.813666666666666,
    "74": 26.680333333333333,
    "75": 27.355
}