{
    "0": -49.04566666666667,
    "1": -35.376,
    "2": -25.052666666666667,
    "3": -13.398,
    "4": -2.2786666666666666,
    "5": 2.7556666666666665,
    "6": 8.492333333333333,
    "7": 14.179333333333334,
    "8": 18.947333333333333,
    "9": 24.768666666666668,
    "10": 30.392333333333333,
    "11": 32.852333333333334,
    "12": 34.80133333333333,
    "13": 36.405,
    "14": 38.531,
    "15": 39.791333333333334,
    "16": 37.27333333333333,
    "17": 39.00566666666667,
    "18": 39.34,
    "19": 43.98,
    "20": 46.949333333333335,
    "21": 50.477666666666664,
    "22": 55.348333333333336,
    "23": 54.316,
    "24": 55.28633333333333,
    "25": 55.264,
    "26": 53.38766666666667,
    "27": 54.909666666666666,
    "28": 58.45066666666666,
    "29": 64.23666666666666,
    "30": 66.03066666666666,
    "31": 69.243,
    "32": 71.859,
    "33": 73.906,
    "34": 76.865,
    "35": 77.85066666666667,
    "36": 80.39666666666666,
    "37": 82.945,
    "38": 84.51833333333333,
    "39": 87.56133333333334,
    "40": 90.56066666666666,
    "41": 93.534,
    "42": 95.18433333333333,
    "43": 101.35666666666667,
    "44": 102.75233333333334,
    "45": 109.514,
    "46": 111.78266666666667,
    "47": 112.70433333333334,
    "48": 114.52166666666666,
    "49": 118.548,
    "50": 123.15833333333333,
    "51": 128.12533333333334,
    "52": 130.93866666666668,
    "53": 134.81633333333335,
    "54": 137.26266666666666,
    "55": 138.39266666666666,
    "56": 139.249,
    "57": 139.859,
    "58": 143.012,
    "59": 146.19966666666667,
    "60": 149.87833333333333,
    "61": 153.08733333333333,
    "62": 155.966,
    "63": 155.57133333333334,
    "64": 156.42933333333335,
    "65": 158.45066666666668,
    "66": 158.14233333333334,
    "67": 156.738,
    "68": 157.98633333333333,
    "69": 159.80666666666667,
    "70": 160.96733333333333,
    "71": 161.32133333333334,
    "72": 160.26233333333334,
    "73": 160.871,
    "74": 160.896,
    "75": 161.49333333333334
}