{
    "0": -34.90133333333333,
    "1": -25.939666666666668,
    "2": -19.061333333333334,
    "3": -13.211333333333334,
    "4": -5.953333333333333,
    "5": 0.184,
    "6": 4.597666666666667,
    "7": 9.054,
    "8": 13.183,
    "9": 17.175,
    "10": 19.73,
    "11": 24.197,
    "12": 25.165,
    "13": 26.804666666666666,
    "14": 27.033666666666665,
    "15": 33.54566666666667,
    "16": 37.909333333333336,
    "17": 41.596,
    "18": 44.095333333333336,
    "19": 45.68633333333333,
    "20": 48.285,
    "21": 51.51866666666667,
    "22": 54.73133333333333,
    "23": 55.239,
    "24": 56.332,
    "25": 59.707,
    "26": 62.381,
    "27": 64.579,
    "28": 66.50733333333334,
    "29": 67.46833333333333,
    "30": 69.73133333333334,
    "31": 71.55933333333333,
    "32": 73.116,
    "33": 77.30566666666667,
    "34": 78.54633333333334,
    "35": 81.584,
    "36": 83.047,
    "37": 87.337,
    "38": 89.132,
    "39": 89.335,
    "40": 89.70166666666667,
    "41": 91.914,
    "42": 92.874,
    "43": 95.42333333333333,
    "44": 100.14666666666666,
    "45": 101.68066666666667,
    "46": 104.41333333333333,
    "47": 108.015,
    "48": 110.04266666666666,
    "49": 110.16533333333334,
    "50": 111.57766666666667,
    "51": 113.46666666666667,
    "52": 114.29933333333334,
    "53": 116.15866666666666,
    "54": 117.18133333333333,
    "55": 118.39,
    "56": 118.77966666666667,
    "57": 120.43666666666667,
    "58": 120.31033333333333,
    "59": 121.33233333333334,
    "60": 122.47933333333333,
    "61": 122.69066666666667,
    "62": 123.39333333333333,
    "63": 123.916,
    "64": 124.94333333333333,
    "65": 123.41966666666667,
    "66": 123.605,
    "67": 123.188,
    "68": 124.033,
    "69": 125.549,
    "70": 126.06333333333333,
    "71": 126.286,
    "72": 125.702,
    "73": 125.698,
    "74": 125.78166666666667,
    "75": 127.12666666666667
}