{
    "0": -51.948,
    "1": -34.727666666666664,
    "2": -19.597,
    "3": -11.020333333333333,
    "4": -2.3546666666666667,
    "5": 5.691666666666666,
    "6": 12.003,
    "7": 18.408,
    "8": 23.424333333333333,
    "9": 26.879333333333335,
    "10": 33.230333333333334,
    "11": 34.01833333333333,
    "12": 38.391,
    "13": 41.071,
    "14": 42.126333333333335,
    "15": 43.656666666666666,
    "16": 45.33266666666667,
    "17": 45.716,
    "18": 50.559666666666665,
    "19": 54.247,
    "20": 54.693,
    "21": 55.85433333333334,
    "22": 57.452666666666666,
    "23": 57.33133333333333,
    "24": 59.263,
    "25": 60.2,
    "26": 61.714333333333336,
    "27": 63.519666666666666,
    "28": 63.64233333333333,
    "29": 63.937666666666665,
    "30": 66.452,
    "31": 67.65466666666667,
    "32": 68.58533333333334,
    "33": 69.37966666666667,
    "34": 72.66633333333333,
    "35": 73.05633333333333,
    "36": 73.968,
    "37": 73.81766666666667,
    "38": 73.933,
    "39": 76.06666666666666,
    "40": 76.06233333333333,
    "41": 81.138,
    "42": 81.58733333333333,
    "43": 81.071,
    "44": 81.18966666666667,
    "45": 84.61466666666666,
    "46": 86.97766666666666,
    "47": 89.81866666666667,
    "48": 90.876,
    "49": 93.50366666666666,
    "50": 94.02466666666666,
    "51": 94.132,
    "52": 93.21033333333334,
    "53": 91.557,
    "54": 95.325,
    "55": 95.30866666666667,
    "56": 95.95066666666666,
    "57": 97.08,
    "58": 99.475,
    "59": 102.992,
    "60": 104.06266666666667,
    "61": 106.85466666666666,
    "62": 109.02766666666666,
    "63": 111.74666666666667,
    "64": 113.79333333333334,
    "65": 116.72566666666667,
    "66": 117.18266666666666,
    "67": 117.532,
    "68": 116.72066666666667,
    "69": 117.973,
    "70": 119.221,
    "71": 119.60733333333333,
    "72": 120.51766666666667,
    "73": 122.53666666666666,
    "74": 123.43733333333333,
    "75": 125.733
}