{
    "0": -81.569,
    "1": -66.15466666666667,
    "2": -56.40266666666667,
    "3": -48.56766666666667,
    "4": -40.0,
    "5": -25.835,
    "6": -15.582,
    "7": -6.9286666666666665,
    "8": 0.12866666666666668,
    "9": 4.3053333333333335,
    "10": 8.460666666666667,
    "11": 14.824666666666667,
    "12": 20.240333333333332,
    "13": 28.255666666666666,
    "14": 31.697,
    "15": 35.62133333333333,
    "16": 40.74966666666667,
    "17": 44.63766666666667,
    "18": 45.486666666666665,
    "19": 49.519,
    "20": 52.89833333333333,
    "21": 58.11566666666667,
    "22": 60.87733333333333,
    "23": 62.946333333333335,
    "24": 65.60733333333333,
    "25": 66.57866666666666,
    "26": 72.56233333333333,
    "27": 76.70166666666667,
    "28": 82.148,
    "29": 84.68233333333333,
    "30": 87.36166666666666,
    "31": 87.66133333333333,
    "32": 92.66833333333334,
    "33": 97.218,
    "34": 98.22566666666667,
    "35": 97.96233333333333,
    "36": 100.13133333333333,
    "37": 103.626,
    "38": 110.332,
    "39": 110.96033333333334,
    "40": 112.67866666666667,
    "41": 114.81166666666667,
    "42": 119.78966666666666,
    "43": 121.97166666666666,
    "44": 124.61733333333333,
    "45": 127.91333333333333,
    "46": 128.092,
    "47": 129.58033333333333,
    "48": 132.14366666666666,
    "49": 136.04566666666668,
    "50": 140.04233333333335,
    "51": 142.31466666666665,
    "52": 143.22533333333334,
    "53": 146.21366666666665,
    "54": 149.31466666666665,
    "55": 150.95366666666666,
    "56": 152.49633333333333,
    "57": 153.34866666666667,
    "58": 154.13433333333333,
    "59": 156.63266666666667,
    "60": 159.155,
    "61": 160.99466666666666,
    "62": 160.29733333333334,
    "63": 161.19433333333333,
    "64": 160.901,
    "65": 162.868,
    "66": 163.86666666666667,
    "67": 164.16833333333332,
    "68": 164.867,
    "69": 165.22633333333334,
    "70": 165.96466666666666,
    "71": 166.45933333333332,
    "72": 168.209,
    "73": 168.754,
    "74": 168.518,
    "75": 169.91066666666666
}