{
    "0": -129.75966666666667,
    "1": -115.80033333333333,
    "2": -106.792,
    "3": -100.158,
    "4": -93.432,
    "5": -84.088,
    "6": -74.735,
    "7": -66.059,
    "8": -57.91733333333333,
    "9": -51.89066666666667,
    "10": -45.378,
    "11": -40.71933333333333,
    "12": -36.75866666666667,
    "13": -33.068,
    "14": -28.28933333333333,
    "15": -24.620666666666665,
    "16": -21.903,
    "17": -19.637333333333334,
    "18": -15.829,
    "19": -12.920666666666667,
    "20": -8.92,
    "21": -8.242666666666667,
    "22": -6.851666666666667,
    "23": -5.690666666666667,
    "24": -3.7543333333333333,
    "25": -2.1606666666666667,
    "26": -0.9803333333333333,
    "27": -0.082,
    "28": 0.8573333333333333,
    "29": 2.2636666666666665,
    "30": 3.742,
    "31": 4.031333333333333,
    "32": 6.084,
    "33": 6.951,
    "34": 7.097,
    "35": 6.609,
    "36": 8.483333333333333,
    "37": 8.432,
    "38": 8.331333333333333,
    "39": 8.992,
    "40": 10.095333333333333,
    "41": 9.934,
    "42": 10.566,
    "43": 12.159,
    "44": 12.710333333333333,
    "45": 12.174333333333333,
    "46": 12.241,
    "47": 12.351333333333333,
    "48": 13.85,
    "49": 14.266333333333334,
    "50": 15.020333333333333,
    "51": 16.00733333333333,
    "52": 17.924,
    "53": 19.063666666666666,
    "54": 19.704333333333334,
    "55": 19.837666666666667,
    "56": 19.499666666666666,
    "57": 20.455,
    "58": 20.408,
    "59": 21.238333333333333,
    "60": 21.600666666666665,
    "61": 21.293666666666667,
    "62": 21.454,
    "63": 22.832333333333334,
    "64": 21.690333333333335,
    "65": 21.713666666666665,
    "66": 21.639333333333333,
    "67": 22.366666666666667,
    "68": 23.214333333333332,
    "69": 25.752333333333333,
    "70": 26.567333333333334,
    "71": 27.318666666666665,
    "72": 27.215666666666667,
    "73": 27.216,
    "74": 27.286666666666665,
    "75": 27.454666666666668
}