{
    "0": -6.4046666666666665,
    "1": -0.37733333333333335,
    "2": 7.0183333333333335,
    "3": 13.771333333333333,
    "4": 16.512333333333334,
    "5": 18.869333333333334,
    "6": 22.753333333333334,
    "7": 28.899333333333335,
    "8": 30.852,
    "9": 33.406333333333336,
    "10": 33.53933333333333,
    "11": 36.06133333333333,
    "12": 36.596666666666664,
    "13": 38.623333333333335,
    "14": 41.074666666666666,
    "15": 41.529333333333334,
    "16": 42.11966666666667,
    "17": 44.452666666666666,
    "18": 44.834666666666664,
    "19": 44.99033333333333,
    "20": 47.24433333333333,
    "21": 50.086666666666666,
    "22": 50.955,
    "23": 50.22833333333333,
    "24": 50.52,
    "25": 51.13966666666666,
    "26": 51.42333333333333,
    "27": 51.54666666666667,
    "28": 53.291666666666664,
    "29": 52.50833333333333,
    "30": 53.13,
    "31": 54.92066666666667,
    "32": 56.598333333333336,
    "33": 57.16433333333333,
    "34": 58.90233333333333,
    "35": 59.02,
    "36": 60.455,
    "37": 61.12566666666667,
    "38": 60.82266666666667,
    "39": 62.5,
    "40": 62.196666666666665,
    "41": 66.38233333333334,
    "42": 66.82833333333333,
    "43": 68.02533333333334,
    "44": 68.07966666666667,
    "45": 67.807,
    "46": 68.577,
    "47": 70.80133333333333,
    "48": 72.034,
    "49": 73.12,
    "50": 74.63866666666667,
    "51": 76.53666666666666,
    "52": 77.831,
    "53": 80.48333333333333,
    "54": 81.055,
    "55": 82.59266666666667,
    "56": 83.40566666666666,
    "57": 85.495,
    "58": 85.72133333333333,
    "59": 86.37766666666667,
    "60": 88.262,
    "61": 89.21266666666666,
    "62": 89.894,
    "63": 90.51133333333334,
    "64": 91.64066666666666,
    "65": 93.14333333333333,
    "66": 93.47733333333333,
    "67": 95.38333333333334,
    "68": 97.85633333333334,
    "69": 99.57666666666667,
    "70": 102.12533333333333,
    "71": 102.59966666666666,
    "72": 101.95466666666667,
    "73": 103.23066666666666,
    "74": 104.26366666666667,
    "75": 106.66066666666667
}