{
    "0": -34.74166666666667,
    "1": -25.576666666666668,
    "2": -19.069333333333333,
    "3": -10.874,
    "4": -2.469,
    "5": 2.381666666666667,
    "6": 8.436,
    "7": 13.513,
    "8": 16.816666666666666,
    "9": 22.556333333333335,
    "10": 26.226,
    "11": 30.062333333333335,
    "12": 30.714,
    "13": 34.21966666666667,
    "14": 35.513333333333335,
    "15": 37.53033333333333,
    "16": 41.373,
    "17": 41.843666666666664,
    "18": 41.799,
    "19": 41.79066666666667,
    "20": 42.742,
    "21": 44.846666666666664,
    "22": 48.226333333333336,
    "23": 49.884,
    "24": 49.139,
    "25": 51.513666666666666,
    "26": 54.03633333333333,
    "27": 55.632333333333335,
    "28": 57.477333333333334,
    "29": 58.82966666666667,
    "30": 61.17966666666667,
    "31": 65.06033333333333,
    "32": 66.09233333333333,
    "33": 67.96166666666667,
    "34": 68.927,
    "35": 70.614,
    "36": 73.22633333333333,
    "37": 76.989,
    "38": 79.36066666666666,
    "39": 82.10233333333333,
    "40": 83.279,
    "41": 84.386,
    "42": 88.18933333333334,
    "43": 88.02433333333333,
    "44": 89.17466666666667,
    "45": 92.29266666666666,
    "46": 94.87466666666667,
    "47": 96.907,
    "48": 99.71233333333333,
    "49": 100.336,
    "50": 101.82933333333334,
    "51": 103.29666666666667,
    "52": 104.38633333333334,
    "53": 105.58166666666666,
    "54": 106.74833333333333,
    "55": 106.301,
    "56": 107.34033333333333,
    "57": 108.796,
    "58": 109.52033333333334,
    "59": 109.73133333333334,
    "60": 109.607,
    "61": 110.75933333333333,
    "62": 112.019,
    "63": 112.393,
    "64": 113.12566666666666,
    "65": 113.23233333333333,
    "66": 114.296,
    "67": 113.04766666666667,
    "68": 114.458,
    "69": 114.88066666666667,
    "70": 115.758,
    "71": 116.55966666666667,
    "72": 116.977,
    "73": 116.53733333333334,
    "74": 116.03766666666667,
    "75": 116.63233333333334
}