{
    "0": -81.04266666666666,
    "1": -64.006,
    "2": -47.902,
    "3": -33.12533333333333,
    "4": -20.254,
    "5": 0.15533333333333332,
    "6": 14.414666666666667,
    "7": 27.91,
    "8": 40.92733333333333,
    "9": 51.90533333333333,
    "10": 59.818666666666665,
    "11": 71.106,
    "12": 85.966,
    "13": 101.98266666666666,
    "14": 116.29866666666666,
    "15": 127.47866666666667,
    "16": 134.80133333333333,
    "17": 141.55533333333332,
    "18": 148.55,
    "19": 154.44733333333335,
    "20": 161.118,
    "21": 164.20266666666666,
    "22": 165.67466666666667,
    "23": 169.19,
    "24": 174.03466666666668,
    "25": 177.15066666666667,
    "26": 178.41533333333334,
    "27": 181.64266666666666,
    "28": 183.016,
    "29": 184.81733333333332,
    "30": 185.58466666666666,
    "31": 186.99866666666668,
    "32": 187.48,
    "33": 188.50933333333333,
    "34": 189.25666666666666,
    "35": 188.16,
    "36": 188.12533333333334,
    "37": 190.10066666666665,
    "38": 191.31,
    "39": 190.95666666666668,
    "40": 191.916,
    "41": 193.40933333333334,
    "42": 193.94,
    "43": 194.43866666666668,
    "44": 196.30533333333332,
    "45": 196.34133333333332,
    "46": 196.91333333333333,
    "47": 197.18066666666667,
    "48": 197.662,
    "49": 198.47,
    "50": 200.036,
    "51": 200.58133333333333,
    "52": 200.876
}