{
    "0": -82.85266666666666,
    "1": -63.144,
    "2": -44.49133333333333,
    "3": -27.340666666666667,
    "4": -13.076,
    "5": 0.013333333333333334,
    "6": 13.521333333333333,
    "7": 27.38,
    "8": 43.370666666666665,
    "9": 54.468,
    "10": 67.15933333333334,
    "11": 87.28866666666667,
    "12": 100.032,
    "13": 109.802,
    "14": 124.706,
    "15": 139.36266666666666,
    "16": 149.112,
    "17": 157.20533333333333,
    "18": 163.19733333333335,
    "19": 168.81933333333333,
    "20": 171.696,
    "21": 176.96466666666666,
    "22": 177.73333333333332,
    "23": 179.43466666666666,
    "24": 180.43,
    "25": 182.14466666666667,
    "26": 184.42533333333333,
    "27": 185.274,
    "28": 187.094,
    "29": 188.06133333333332,
    "30": 188.44866666666667,
    "31": 190.14933333333335,
    "32": 190.90333333333334,
    "33": 191.32933333333332,
    "34": 192.09933333333333,
    "35": 192.42133333333334,
    "36": 192.79333333333332,
    "37": 191.922,
    "38": 192.47933333333333,
    "39": 192.436,
    "40": 192.27466666666666,
    "41": 193.404,
    "42": 194.388,
    "43": 195.438,
    "44": 195.96333333333334,
    "45": 197.72866666666667,
    "46": 198.76
}