{
    "0": -81.584,
    "1": -62.016,
    "2": -44.35066666666667,
    "3": -30.314,
    "4": -10.904666666666667,
    "5": 6.232666666666667,
    "6": 27.637333333333334,
    "7": 42.294,
    "8": 54.792,
    "9": 65.63666666666667,
    "10": 77.46466666666667,
    "11": 85.16533333333334,
    "12": 95.28066666666666,
    "13": 104.496,
    "14": 109.12066666666666,
    "15": 117.45733333333334,
    "16": 127.17066666666666,
    "17": 137.29466666666667,
    "18": 141.45266666666666,
    "19": 149.72733333333332,
    "20": 155.008,
    "21": 157.62933333333334,
    "22": 161.76666666666668,
    "23": 165.66466666666668,
    "24": 168.26066666666668,
    "25": 170.61733333333333,
    "26": 172.18333333333334,
    "27": 173.04866666666666,
    "28": 174.38333333333333,
    "29": 175.87733333333333,
    "30": 176.60533333333333,
    "31": 177.548,
    "32": 179.144,
    "33": 179.0,
    "34": 179.41333333333333,
    "35": 180.32066666666665,
    "36": 180.07,
    "37": 181.03066666666666,
    "38": 181.55333333333334,
    "39": 181.84933333333333,
    "40": 182.71133333333333,
    "41": 182.728,
    "42": 181.77666666666667
}