{
    "0": -77.16866666666667,
    "1": -60.176,
    "2": -39.534,
    "3": -24.698666666666668,
    "4": -12.515333333333333,
    "5": -4.456,
    "6": 9.724,
    "7": 18.658666666666665,
    "8": 28.85,
    "9": 34.246,
    "10": 42.486666666666665,
    "11": 48.732,
    "12": 55.734,
    "13": 61.658,
    "14": 68.75333333333333,
    "15": 77.59,
    "16": 85.276,
    "17": 94.94733333333333,
    "18": 105.92666666666666,
    "19": 108.05066666666667,
    "20": 113.22066666666667,
    "21": 122.22266666666667,
    "22": 130.498,
    "23": 136.28533333333334,
    "24": 140.27933333333334,
    "25": 143.37733333333333,
    "26": 149.74866666666668,
    "27": 153.764,
    "28": 159.50666666666666,
    "29": 162.504,
    "30": 166.52266666666668,
    "31": 169.27666666666667,
    "32": 172.07066666666665,
    "33": 173.76733333333334,
    "34": 175.02466666666666,
    "35": 176.202,
    "36": 178.32333333333332,
    "37": 179.14266666666666,
    "38": 180.408,
    "39": 181.63466666666667,
    "40": 183.77266666666668,
    "41": 185.35133333333334,
    "42": 185.48466666666667,
    "43": 187.26933333333332,
    "44": 188.02133333333333,
    "45": 188.744,
    "46": 189.98666666666668,
    "47": 189.63266666666667,
    "48": 188.97333333333333,
    "49": 187.29933333333332,
    "50": 188.528,
    "51": 188.48933333333332,
    "52": 187.67133333333334,
    "53": 186.838,
    "54": 188.67133333333334
}