{
    "0": -85.48,
    "1": -67.19333333333333,
    "2": -52.63133333333333,
    "3": -31.402,
    "4": -21.96,
    "5": -3.9966666666666666,
    "6": 6.129333333333333,
    "7": 16.161333333333335,
    "8": 27.764,
    "9": 37.388666666666666,
    "10": 46.87533333333333,
    "11": 54.13733333333333,
    "12": 67.63266666666667,
    "13": 78.24266666666666,
    "14": 84.05266666666667,
    "15": 93.808,
    "16": 102.508,
    "17": 115.65933333333334,
    "18": 124.97,
    "19": 138.74733333333333,
    "20": 149.344,
    "21": 156.14533333333333,
    "22": 163.314,
    "23": 167.16266666666667,
    "24": 170.22666666666666,
    "25": 174.02266666666668,
    "26": 175.39333333333335,
    "27": 180.586,
    "28": 185.09666666666666,
    "29": 187.162,
    "30": 190.428,
    "31": 191.34,
    "32": 192.51533333333333,
    "33": 194.548,
    "34": 195.07133333333334,
    "35": 196.09733333333332,
    "36": 197.38,
    "37": 198.13,
    "38": 198.5,
    "39": 199.62933333333334,
    "40": 199.182,
    "41": 199.78133333333332,
    "42": 200.62,
    "43": 199.79533333333333,
    "44": 200.39866666666666,
    "45": 201.13666666666666,
    "46": 202.61933333333334,
    "47": 202.33933333333334,
    "48": 203.258,
    "49": 203.984,
    "50": 205.694,
    "51": 207.28,
    "52": 208.752,
    "53": 208.47333333333333,
    "54": 210.058,
    "55": 210.006,
    "56": 209.35133333333334,
    "57": 209.962,
    "58": 209.77466666666666
}