{
    "0": -38.454,
    "1": 3.492,
    "2": 33.23466666666667,
    "3": 55.52,
    "4": 66.314,
    "5": 78.722,
    "6": 85.04,
    "7": 97.07466666666667,
    "8": 112.38333333333334,
    "9": 120.78133333333334,
    "10": 120.35733333333333,
    "11": 108.96866666666666,
    "12": 105.548,
    "13": 111.424,
    "14": 132.07533333333333,
    "15": 138.18933333333334,
    "16": 146.202,
    "17": 133.032,
    "18": 138.85466666666667,
    "19": 147.49466666666666,
    "20": 147.08266666666665,
    "21": 138.79866666666666,
    "22": 145.45666666666668,
    "23": 143.47333333333333,
    "24": 146.97133333333332,
    "25": 151.584,
    "26": 130.54933333333332,
    "27": 139.17266666666666,
    "28": 121.91866666666667,
    "29": 119.81866666666667,
    "30": 133.474,
    "31": 137.32,
    "32": 154.37066666666666,
    "33": 155.29133333333334,
    "34": 149.93133333333333,
    "35": 153.892,
    "36": 130.01933333333332,
    "37": 137.158,
    "38": 157.668,
    "39": 150.98733333333334,
    "40": 149.45866666666666,
    "41": 164.20066666666668,
    "42": 146.43466666666666,
    "43": 133.02,
    "44": 136.576,
    "45": 153.19533333333334,
    "46": 161.71866666666668,
    "47": 158.92933333333335,
    "48": 164.04333333333332,
    "49": 159.738,
    "50": 139.378,
    "51": 150.06933333333333,
    "52": 154.378,
    "53": 168.29266666666666,
    "54": 167.02133333333333,
    "55": 138.68933333333334,
    "56": 136.47133333333332,
    "57": 143.472,
    "58": 158.38866666666667,
    "59": 164.00333333333333,
    "60": 161.076
}