{
    "0": -37.07,
    "1": 4.098,
    "2": 33.80266666666667,
    "3": 51.160666666666664,
    "4": 72.734,
    "5": 80.288,
    "6": 91.72333333333333,
    "7": 99.13466666666666,
    "8": 98.76666666666667,
    "9": 104.25466666666667,
    "10": 110.00466666666667,
    "11": 129.19,
    "12": 127.06133333333334,
    "13": 125.68133333333333,
    "14": 113.504,
    "15": 112.02466666666666,
    "16": 112.304,
    "17": 101.714,
    "18": 109.08533333333334,
    "19": 109.52666666666667,
    "20": 104.94533333333334,
    "21": 123.90466666666667,
    "22": 128.67866666666666,
    "23": 123.94333333333333,
    "24": 135.94066666666666,
    "25": 134.63733333333334,
    "26": 118.70066666666666,
    "27": 127.32,
    "28": 114.57066666666667,
    "29": 128.27666666666667,
    "30": 134.81866666666667,
    "31": 137.524,
    "32": 137.00333333333333,
    "33": 117.72466666666666,
    "34": 90.78666666666666,
    "35": 104.472,
    "36": 115.14666666666666,
    "37": 137.39266666666666,
    "38": 128.262,
    "39": 106.17533333333333,
    "40": 117.25,
    "41": 122.65933333333334,
    "42": 119.65266666666666,
    "43": 126.704,
    "44": 130.46533333333332,
    "45": 126.908,
    "46": 111.06266666666667,
    "47": 137.122,
    "48": 131.88,
    "49": 131.52133333333333,
    "50": 127.18733333333333,
    "51": 117.872,
    "52": 127.44133333333333,
    "53": 126.95333333333333,
    "54": 123.58333333333333,
    "55": 124.78133333333334,
    "56": 108.398,
    "57": 118.614
}