{
    "0": -39.55466666666667,
    "1": 1.682,
    "2": 33.20066666666666,
    "3": 61.720666666666666,
    "4": 72.20666666666666,
    "5": 73.85,
    "6": 60.31466666666667,
    "7": 78.85933333333334,
    "8": 85.982,
    "9": 92.98533333333333,
    "10": 104.74933333333334,
    "11": 103.746,
    "12": 118.556,
    "13": 110.77333333333333,
    "14": 113.45666666666666,
    "15": 110.68,
    "16": 113.92933333333333,
    "17": 108.43866666666666,
    "18": 111.53733333333334,
    "19": 117.13333333333334,
    "20": 127.55533333333334,
    "21": 125.846,
    "22": 113.438,
    "23": 107.594,
    "24": 113.73466666666667,
    "25": 123.744,
    "26": 120.072,
    "27": 127.92266666666667,
    "28": 121.98933333333333,
    "29": 129.878,
    "30": 122.85466666666666,
    "31": 125.93733333333333,
    "32": 110.00133333333333,
    "33": 118.68266666666666,
    "34": 99.90933333333334,
    "35": 116.71266666666666,
    "36": 102.384,
    "37": 109.28533333333333,
    "38": 92.884,
    "39": 99.18266666666666,
    "40": 118.216,
    "41": 122.17333333333333,
    "42": 118.928,
    "43": 118.94933333333333,
    "44": 96.86333333333333,
    "45": 99.26466666666667,
    "46": 112.21666666666667,
    "47": 117.808,
    "48": 110.34266666666667,
    "49": 127.36333333333333,
    "50": 128.87866666666667,
    "51": 99.85933333333334
}