{
    "0": -44.236666666666665,
    "1": 2.2093333333333334,
    "2": 31.573333333333334,
    "3": 53.891333333333336,
    "4": 65.95466666666667,
    "5": 79.252,
    "6": 97.424,
    "7": 103.438,
    "8": 105.478,
    "9": 116.25266666666667,
    "10": 108.444,
    "11": 125.206,
    "12": 131.59466666666665,
    "13": 147.338,
    "14": 133.91933333333333,
    "15": 137.52933333333334,
    "16": 133.572,
    "17": 118.20866666666667,
    "18": 115.274,
    "19": 124.568,
    "20": 123.248,
    "21": 133.49133333333333,
    "22": 133.86266666666666,
    "23": 119.78,
    "24": 131.56066666666666,
    "25": 119.86066666666666,
    "26": 114.856,
    "27": 118.50333333333333,
    "28": 124.98333333333333,
    "29": 114.19133333333333,
    "30": 125.158,
    "31": 136.97,
    "32": 127.904,
    "33": 110.558,
    "34": 112.58733333333333,
    "35": 119.23933333333333,
    "36": 126.79,
    "37": 142.23333333333332,
    "38": 138.214,
    "39": 122.36133333333333,
    "40": 121.07333333333334,
    "41": 122.44133333333333,
    "42": 142.83133333333333,
    "43": 145.84666666666666,
    "44": 148.018,
    "45": 154.28066666666666,
    "46": 150.56333333333333,
    "47": 129.32266666666666,
    "48": 127.938,
    "49": 127.75266666666667,
    "50": 136.78,
    "51": 118.02866666666667,
    "52": 126.358,
    "53": 132.73866666666666,
    "54": 140.32266666666666,
    "55": 130.24266666666668,
    "56": 128.82466666666667,
    "57": 124.634,
    "58": 132.00333333333333,
    "59": 134.462,
    "60": 144.16666666666666
}