{
    "0": -44.24466666666667,
    "1": 1.1686666666666667,
    "2": 28.186,
    "3": 48.536,
    "4": 67.52866666666667,
    "5": 80.45266666666667,
    "6": 80.346,
    "7": 88.096,
    "8": 82.95733333333334,
    "9": 86.29933333333334,
    "10": 90.70733333333334,
    "11": 106.74866666666667,
    "12": 115.39333333333333,
    "13": 116.07,
    "14": 113.118,
    "15": 119.72666666666667,
    "16": 122.34666666666666,
    "17": 121.25066666666666,
    "18": 114.84866666666667,
    "19": 112.76466666666667,
    "20": 107.18933333333334,
    "21": 110.894,
    "22": 111.19466666666666,
    "23": 135.10666666666665,
    "24": 137.12733333333333,
    "25": 137.28466666666668,
    "26": 131.66666666666666,
    "27": 127.62133333333334,
    "28": 132.64133333333334,
    "29": 120.63533333333334,
    "30": 114.70666666666666,
    "31": 109.192,
    "32": 112.99133333333333,
    "33": 122.33066666666667,
    "34": 118.822,
    "35": 128.98866666666666,
    "36": 119.75,
    "37": 112.15533333333333
}