{
    "0": -39.01266666666667,
    "1": 2.6566666666666667,
    "2": 29.685333333333332,
    "3": 51.44866666666667,
    "4": 63.836,
    "5": 77.72266666666667,
    "6": 89.17466666666667,
    "7": 104.14733333333334,
    "8": 94.70533333333333,
    "9": 92.91333333333333,
    "10": 103.43,
    "11": 111.55733333333333,
    "12": 130.81866666666667,
    "13": 124.62533333333333,
    "14": 129.24866666666668,
    "15": 122.32666666666667,
    "16": 117.276,
    "17": 126.882,
    "18": 136.38666666666666,
    "19": 143.81,
    "20": 133.59733333333332,
    "21": 149.048,
    "22": 140.04066666666668,
    "23": 139.18533333333335,
    "24": 134.68,
    "25": 123.54866666666666,
    "26": 134.13266666666667,
    "27": 150.002,
    "28": 143.09866666666667,
    "29": 130.302,
    "30": 149.69066666666666,
    "31": 142.10866666666666,
    "32": 140.19466666666668,
    "33": 104.908,
    "34": 115.516,
    "35": 116.11933333333333,
    "36": 119.77733333333333
}